dataset_idx,model_id,view_idx,gt_n_occ,chair_only_F1@0.01,chair_only_F1@0.02,chair_only_F1@0.03,chair_only_F1@0.04,chair_only_F1@0.05,chair_only_empty,chair_only_iou,chair_only_n_occ,three_class_F1@0.01,three_class_F1@0.02,three_class_F1@0.03,three_class_F1@0.04,three_class_F1@0.05,three_class_empty,three_class_iou,three_class_n_occ
773,c04660caf4670baed40fb6f8053555de,2,3242,2.0952,16.3994,41.5805,62.4892,82.8588,False,0.5541613316261204,2827,2.7491,19.6142,46.6319,67.2302,80.2389,False,0.5708582834331337,3054
774,474b82a849e5064fa9dea4db53ba3dd,4,1031,1.9487,12.3484,27.7419,36.3826,43.7432,False,0.21641791044776118,599,4.9495,24.6676,44.7119,59.7065,69.7198,False,0.22098022355975924,389
775,8bb332c5afe67f8d917b96045c9b6dea,7,2565,2.6963,14.994,34.2951,58.9795,75.122,False,0.20679434564523483,2728,1.3929,8.3257,21.7361,36.2997,51.3835,False,0.21376221498371337,3397
776,b1adda06d8846afcb96f0049223adf04,7,1174,1.4483,8.1988,20.0682,29.3492,38.9259,False,0.17080045095828636,903,3.5573,12.9099,23.25,29.1344,34.1053,False,0.042796005706134094,288
777,831ca4306245810435836c728d324152,3,1539,3.7333,25.2684,51.2492,72.4212,84.6753,False,0.18100035984166968,1743,6.7319,34.4473,70.2033,87.423,93.1624,False,0.05256723716381418,1044
778,c86cfe147872280463626070a93463cf,0,901,4.0494,27.0,59.6627,80.9429,90.4798,False,0.5314748201438849,802,1.5355,6.9072,11.3251,16.4759,25.6319,False,0.16862326574172892,194
779,88a7740602eb0d59cd431573238602d,9,889,5.0824,21.4271,43.3889,62.6354,78.0979,False,0.3331020124913255,1032,5.9462,28.2714,46.2825,58.1187,67.8468,False,0.3392070484581498,631
780,9ab18a33335373b2659dda512294c744,3,903,8.4,38.7422,67.1708,85.2981,92.0912,False,0.10102389078498293,710,3.6329,11.0208,17.2394,23.724,31.08,False,0.10206185567010309,166
781,cc25ba35b3f6e8d3d064b65ccd89778c,3,767,7.9497,35.2984,62.1431,77.9569,86.396,False,0.07777777777777778,494,0.0,0.0,0.0,0.0,0.0,True,0.0,0
782,99996ded94b8bf974cddca4ca9fe5080,1,480,11.292,50.1206,77.1723,87.6959,92.8358,False,0.3633440514469453,368,0.0,0.0,0.0,0.0,0.0,True,0.0,0
783,7f70642500b9a3ce45881d7eab1353ba,8,939,7.6418,38.6752,63.6399,75.0956,83.4169,False,0.13182140326009922,658,10.9224,46.8476,60.6483,70.3003,80.4239,False,0.025327510917030567,235
784,d990c996a67bab91d9233930731da67,6,1333,2.8491,19.137,43.8102,71.3796,85.8586,False,0.2648241206030151,1184,6.2304,35.99,59.3489,70.3397,77.7106,False,0.37970149253731345,978
785,2ca371de1093a3867c9386abeb61de4d,8,3688,1.8486,18.1978,42.7429,66.1333,81.6206,False,0.5621633752244165,3273,4.4978,24.6418,48.6031,69.0699,83.5903,False,0.5979453653980854,3156
786,699fb3293e219808599dcc439b161a52,5,3990,0.9474,7.5338,20.5604,37.5685,55.5048,False,0.5979070235459851,3950,1.6485,12.769,25.9985,37.3503,45.3144,False,0.5112604431529241,4331
787,42635d55c5905a682672e8af102e0b3c,4,552,4.42,16.2282,27.6159,38.609,49.9388,False,0.06396063960639606,313,2.9376,7.9546,14.352,21.3681,29.1366,False,0.023381294964028777,17
788,bf557411c41d07bbb38821f893bc10f9,9,721,7.2781,27.0296,45.6487,57.8192,70.006,False,0.2930232558139535,947,6.8321,32.9219,50.3722,61.7872,70.8745,False,0.31137724550898205,593
789,bbcdf9d0ecf02e7e9fce07ae6c046b8c,7,1510,4.4449,27.2389,48.7355,72.313,89.0838,False,0.5918565196316045,1774,1.8486,22.1499,50.7389,72.0645,88.4646,False,0.6311519740400217,1506
790,6c25a321d75405aafdef1c01cbd4ae0c,4,423,7.8969,38.1352,58.3643,71.8047,80.3914,False,0.04417670682730924,357,0.0,0.0,0.0,0.0,0.0,True,0.0,0
791,523a54d33ce5fa9aadcbe68a4d5871f9,3,605,9.719,38.4283,57.1546,70.2692,79.8798,False,0.05156723963599596,435,0.0,0.3992,0.995,1.5873,4.1136,False,0.0,1
792,57285ae595c5cc67eea9006d9d8918a7,9,607,4.8,25.2511,49.0378,65.2738,75.2344,False,0.22330097087378642,779,5.6389,28.103,47.7992,61.2985,72.2375,False,0.22688172043010751,534
793,59b45e83bf13e8e2374110224c1c4eb0,9,1849,4.1349,27.7456,58.7786,82.1981,92.4498,False,0.2962234461054288,1446,7.1329,35.3898,64.0245,81.9753,90.7727,False,0.33905191873589163,1117
794,5bec8011c4042baf14038d588fd1342f,4,1312,5.4495,27.498,54.5336,75.1124,87.7699,False,0.2906712172923777,957,5.2495,24.0073,45.9124,60.2775,67.7926,False,0.22643979057591623,562
795,668b9f6517f2bf501e54ac67f0143e13,6,1249,4.1976,24.5377,51.4755,71.1138,84.6398,False,0.16214833759590794,1023,2.9085,14.2706,23.2,35.6861,46.3238,False,0.11024182076813656,312
796,516c4adba7205cb43e9bdff70754d92c,8,593,4.7453,33.7699,67.7039,87.7484,98.0255,False,0.28172817281728174,831,1.5484,7.3745,12.2846,17.7818,27.9257,False,0.21173469387755103,357
797,f6f3c3f97b615a19fff16555386d173d,9,3399,1.4483,12.7969,34.4337,57.7286,74.007,False,0.6167972575905974,3204,3.0,15.8461,35.4186,54.8342,71.5744,False,0.6633888048411498,3198
798,aae036d8ebdc472535836c728d324152,6,711,4.5,26.0191,46.877,58.8838,68.9671,False,0.14708299096138044,685,2.7107,10.0479,15.6192,20.3548,24.9111,False,0.08740068104426787,247
799,659fdef8de4769079c251b4a7838829,3,1264,5.2,27.6347,53.9776,69.1168,79.3213,False,0.07366589327146171,587,0.5182,1.11,3.1765,4.1536,7.1812,False,0.0249609984399376,50
800,6a73ce89c4a941ac0f947750540fb22,7,1257,7.3497,41.2,70.6507,88.2451,95.5182,False,0.4134212103055722,1102,9.418,40.8262,65.6541,78.7875,84.5803,False,0.30421909696521093,505
801,595b9c165214bdf0b0b1b4239165b394,1,652,4.9495,31.4177,55.3304,74.3524,85.4041,False,0.3426791277258567,641,2.2304,8.7492,13.3872,18.2831,23.0219,False,0.05439330543933055,104
802,8f23005418fee71819fb4103277a6b93,8,2152,0.8,7.1497,18.6866,31.3461,40.7117,False,0.3451834862385321,3713,2.0952,12.7415,26.2957,37.7757,46.8436,False,0.16414777497900923,621
803,b46ad21b7126049842ca7cc070f21ed3,1,849,5.8992,39.4132,69.2075,87.7356,95.1492,False,0.1606864274570983,639,2.97,12.2811,26.6858,42.0524,54.2678,False,0.21722846441947566,451
804,9069ccc5fcf22878564eaedaeaa04f28,7,849,6.887,36.9726,67.3169,83.7519,91.3089,False,0.6910490856592878,908,4.4449,20.0682,37.6618,49.9576,59.268,False,0.12689969604863222,634
805,276932e7bf229d37c8ad93869b52d215,7,1537,2.6491,15.2837,35.7798,60.7957,76.8196,False,0.16288175411119812,1433,2.3489,11.8755,31.975,55.3337,75.9043,False,0.14563567362428842,878
806,6e1e73e14637a28da1c367d7a459a9b7,7,913,6.1398,29.0876,63.4597,83.5183,91.852,False,0.2663690476190476,789,1.1667,6.0,12.1765,22.3232,31.8989,False,0.28949950932286556,401
807,40e603e93818760fa7e431436fa7573e,5,1131,5.7931,22.244,44.0233,64.5506,80.5627,False,0.28308026030368766,1235,3.5437,21.2093,38.7673,52.464,63.3425,False,0.1561789234268385,394
808,cc03a89a98cd2660c423490470c47d79,5,3542,1.3481,12.3968,31.0403,50.261,67.9412,False,0.47100840336134453,3460,2.0488,16.0237,36.7108,56.3938,72.7398,False,0.5964606181455633,2863
809,7ef4b16e0c38fe09b04cb542e2c50eb4,0,777,4.2494,24.0823,46.1461,63.089,76.7337,False,0.3451923076923077,622,5.3066,10.3993,16.5801,25.1582,35.5086,False,0.06803594351732992,55
810,a6420c4ed13cf628945a77b945b7b70f,9,785,9.4621,39.4478,63.4436,77.2716,85.7526,False,0.4391304347826087,539,2.1551,6.2888,9.8543,13.7078,18.2744,False,0.06310679611650485,91
811,d334e5ab55188d62680876614ed35a7f,1,534,7.5987,34.9627,55.0573,74.6524,85.3268,False,0.031683168316831684,508,2.0217,6.2356,10.6826,16.4442,21.3552,False,0.009404388714733543,110
812,483cfed0659965ed73c478529c40c4e6,0,730,4.8454,23.8764,45.2358,60.9856,71.9208,False,0.08497723823975721,700,3.0919,9.6774,15.8234,20.9781,25.4193,False,0.014267185473411154,52
813,805bb12faecf99a9bbc0e8a3b6521117,2,2911,2.3,23.3191,47.1474,66.9986,80.4999,False,0.5415343915343915,2916,1.8947,14.5113,38.8314,59.7672,72.2347,False,0.4304575460960619,3373
814,d892a0fddeb963bdff4bb1e34fb13b70,9,3630,0.9474,5.4927,16.6784,28.0284,44.5338,False,0.5063495263051804,3843,0.7467,6.7496,16.4703,26.1959,41.4675,False,0.48508665860540107,3739
815,de351bfde19253af54a7a6750196c608,0,3562,1.7944,13.2519,35.7821,59.8466,81.6448,False,0.4723316062176166,3542,2.2826,12.0992,32.8164,59.3185,80.5493,False,0.5455394675385334,3056
816,2d018e8c0a34a863ff59f04994ef1f0c,2,738,4.6,25.4961,47.5596,67.197,80.6047,False,0.12828344532681735,1109,6.887,33.5374,62.4078,77.4059,84.3399,False,0.315028901734104,627
817,434512cad2c10e09e8b2b8dc0c816caf,2,1329,3.6973,22.9983,50.6192,75.2967,90.4841,False,0.3221476510067114,1035,7.8886,34.089,61.2714,77.9408,88.219,False,0.2249844623990056,642
818,61a6a9dbd3d0efc2c3bd24f986301745,7,426,0.1,2.16,6.1479,11.474,18.1161,False,0.008097165991902834,72,0.0,0.0,0.0,0.0,0.0,True,0.0,0
819,719f6578bd1450cfe5b7031248b81d78,5,904,4.0976,23.1478,44.6639,62.2322,76.3079,False,0.30686695278969955,923,4.9901,19.1215,29.7738,39.5779,46.6599,False,0.12737642585551331,282
820,3f7417590f1bcfded5c89ecb06d1099b,3,1528,2.6491,15.5994,39.9878,67.7367,88.135,False,0.42191659272404614,1677,12.7451,49.5417,79.2919,94.0359,99.1494,False,0.44126597687157637,840
821,b7c8be9dbe5ff1d540332412c5d013fb,9,1112,2.8491,17.8604,35.0475,52.7504,64.6977,False,0.18947881149537263,1330,0.7,17.4886,42.267,48.8926,53.6805,False,0.19847908745247148,464
822,8fd6ca8f2d0ce46b846c0e4d54382ad6,1,805,3.9342,11.4957,18.3652,24.8422,31.3987,False,0.06741573033707865,240,0.0,0.0,0.0,0.0,0.0,True,0.0,0
823,7dc902a12843fa60e84c9243a4e577f,5,752,3.9,20.8522,40.1023,53.4545,63.6403,False,0.05809450038729667,614,7.1077,33.9047,53.8007,61.9209,68.0108,False,0.08951406649616368,526
824,eee8b6fafd8af9d1ea54e1e7afcaee9,2,1393,4.5451,30.1152,59.7783,79.4919,90.8454,False,0.4928104575163399,891,5.3383,26.1023,49.6257,70.5295,84.3028,False,0.3888888888888889,882
825,3aec502173e565d9f7628281ecb18112,4,3847,2.0488,12.1926,28.5993,44.3253,58.0349,False,0.5534321372854915,4119,4.7453,18.9024,35.3569,49.9802,64.2194,False,0.5425380228136882,2644
826,484a7d924c952e51af7c7ad2549a1b15,8,1050,6.9496,35.842,66.6429,84.2709,92.5359,False,0.4306969459671104,777,7.7679,32.3894,46.3339,58.6955,69.4858,False,0.20454545454545456,222
827,45833f137eb7b1fb77591d1bf8931b62,5,494,0.6462,5.3833,12.4161,20.5231,27.1649,False,0.02912621359223301,460,0.0,0.0,0.0,0.0,0.0,True,0.0,0
828,d487d3b9579762cb5dd170fd3a296ebf,3,1105,4.6366,31.6367,60.8637,78.6209,87.9818,False,0.11930724823604875,640,3.0194,11.6082,21.7269,30.4837,41.7402,False,0.0650887573964497,155
829,e425c1db44d1ec8ac73ddf48fc777dc,3,908,4.7917,19.8119,37.4214,50.0176,61.8344,False,0.24112961622013035,806,5.3495,24.6809,39.2294,49.569,58.6689,False,0.060126582278481014,432
830,57cc406d478167a6a6c03a53cf0a14c9,1,750,5.9395,26.7496,46.1056,61.7636,74.2424,False,0.07493309545049064,455,0.0,0.0,0.0,0.5769,1.9558,False,0.002663115845539281,3
831,5043b2deab10560fc458ea4eb61fea2b,2,1601,3.9342,20.4824,49.1011,68.8471,83.2312,False,0.5964149918522542,1338,1.92,9.2308,25.5045,35.0887,42.6716,False,0.22236024844720498,367
832,609d3b4977310957909e1fac9945adaa,8,841,5.2981,27.1173,49.8143,65.2858,76.4665,False,0.24006622516556292,657,3.5509,8.6097,12.7841,17.1139,21.2958,False,0.02235294117647059,28
833,cb74cf36ff8fcb8d61d7edc67034608e,9,1223,6.431,31.3682,54.4993,67.5217,75.8893,False,0.2949894142554693,612,2.1432,5.2279,9.672,14.9387,20.5468,False,0.004750593824228029,46
834,96bccddaf0034be04e5cf15b26e670ad,4,555,12.0793,45.13,71.6282,83.419,89.5474,False,0.11238532110091744,415,1.8872,6.5455,9.8363,13.7509,17.7075,False,0.15457413249211358,177
835,fc818d6fe03f098fd6f4cef762589739,9,561,9.6907,41.5998,64.5944,80.7273,88.1705,False,0.26051560379918587,368,2.2609,8.566,12.2408,16.2875,20.6054,False,0.23444976076555024,213
836,26908ca3183b5a4223500a5b036df62e,6,901,6.5496,33.3871,60.5161,78.0793,87.6708,False,0.19281811085089773,627,1.3968,2.4899,3.4861,6.1111,8.6889,False,0.014364640883977901,17
837,38bdba5f6455c5ff91663a74ccd2338,8,1106,4.6452,28.3182,51.736,73.8995,90.199,False,0.42993197278911566,996,5.5459,32.2412,64.0856,79.613,88.9643,False,0.44518272425249167,634
838,ea572cc193b804399c66df0f068d2a36,8,2145,3.4971,19.3129,44.0345,65.7262,80.75,False,0.5164424514200299,1913,3.15,20.2956,40.37,61.7217,78.5954,False,0.21461487820934824,1545
839,a8a2f0865365b521c87106a609982130,9,644,4.9,37.3573,65.5134,80.6859,88.2506,False,0.2161654135338346,650,2.9,10.0077,23.3632,37.8182,48.4474,False,0.07586206896551724,292
840,e6355bbd9aad146a149098a193698017,3,1108,2.8862,15.5377,31.5188,46.0836,56.4639,False,0.30950775455158464,834,3.1875,12.3336,28.2996,39.8319,52.7155,False,0.21855146124523506,810
841,9b40015761a54e18c29f8b0ac356b8ca,9,578,9.7766,31.2732,45.0039,55.8606,65.2713,False,0.12108559498956159,496,6.3402,18.8685,26.7429,41.7998,53.7554,False,0.05865921787709497,180
842,2718b1d46ca52df052bfb1d5ec273240,1,3180,2.8966,17.2532,33.915,46.9964,54.5207,False,0.4507227332457293,3444,1.1917,8.8989,23.0462,39.7897,52.8387,False,0.4784601283226398,3272
843,fde328d91eee1480fc0035da39bd5e1,8,434,7.0944,27.8719,44.7765,60.3966,71.7406,False,0.11605206073752712,595,2.806,5.9706,10.9719,14.2237,18.5769,False,0.06387665198237885,49
844,fc557cf617e03564da733bb42d274ff9,8,2169,5.3926,25.2333,48.807,70.4113,81.8876,False,0.18593840790238234,1913,0.9474,12.8265,29.3338,55.7855,77.9667,False,0.10773212552571983,1255
845,5fa533f71e7e041efebad4f49b26ec52,0,1471,2.9967,24.0499,51.9326,75.0429,86.1103,False,0.30303030303030304,1238,4.7812,28.1724,56.0955,73.9703,82.9999,False,0.38427216954824317,1011
846,5d3eff6a1b9a119da011ccf7cbabf68e,1,904,4.3494,26.2752,42.9224,53.2053,61.3867,False,0.22707797772065125,528,1.2692,4.6982,14.404,22.3625,32.5736,False,0.04,162
847,50d277986a78f9fc3eec26c23f5bc80b,6,1248,5.3981,21.8407,41.5837,57.5515,69.3964,False,0.3135935397039031,704,1.1667,3.111,4.6995,6.8967,8.8604,False,0.016706443914081145,30
848,e4ac472d21d43d3258db0ef36af1d3c5,7,1137,4.0976,26.8477,58.3916,78.0108,89.546,False,0.3488372093023256,1067,5.1262,25.7694,45.9599,62.1125,75.3186,False,0.21160130718954248,346
849,a203bbe3c9c1c676c3bd24f986301745,0,1271,5.9983,29.757,58.0968,79.0547,91.0341,False,0.9866771159874608,1264,7.9346,31.2843,56.16,83.9464,96.8469,False,0.7538877620013522,1323
850,720fd0a6c8cf65e772ee08e78374a212,7,668,6.9468,34.3041,65.2608,88.235,97.1974,False,0.6027554535017221,728,0.0,0.198,0.3958,2.3329,5.586,False,0.0074850299401197605,5
851,756487465c12a5332165c54dcecaacb4,9,3435,2.3958,11.9481,29.8836,47.5026,63.4237,False,0.3770253427503116,3194,0.9474,5.7496,16.6412,33.1473,49.0673,False,0.3225746614728251,3695
852,f441e4f7f123bde3cd7677199133326a,9,810,6.1855,28.6664,51.6069,66.1781,76.6753,False,0.14930270713699753,591,4.7667,18.48,30.0694,42.5036,52.9343,False,0.2305229455709712,343
853,dc182335876fbebbe6fe3612af521500,6,933,6.0496,30.2708,57.5441,71.2223,80.4955,False,0.056010928961748634,613,4.3494,19.9469,41.1481,61.5766,75.9477,False,0.09674922600619196,484
854,6dccf79814289bca5a15b6547f08c8fe,5,1801,2.3404,16.0845,31.0401,45.1283,54.3529,False,0.06992451330949544,892,1.7405,6.8226,10.4661,13.861,18.7293,False,0.01579778830963665,128
855,797df32cd5248558f779fe11f536ba12,3,868,3.1875,16.3636,28.9435,38.9198,47.8681,False,0.15964343598055106,563,0.0,0.0,0.0,0.1995,0.5982,False,0.0,2
856,ba40e15e28eeaabb9fad3726e97eca06,3,3430,3.2879,18.7467,44.2919,65.9877,81.5034,False,0.3688747731397459,2604,2.7418,15.0126,32.0193,52.2531,73.4004,False,0.500355871886121,2894
857,aa88b0f05470452f7ea323bc74055b8,7,650,3.4286,13.9183,32.5002,54.5065,69.4868,False,0.0560081466395112,387,1.8333,3.9089,5.4212,7.0467,9.5002,False,0.015267175572519083,15
858,759d66c5dcf1cabfb99d75d512b660d0,8,1315,6.3859,28.825,53.667,71.9776,84.5554,False,0.5417185554171855,1161,4.8371,21.0442,45.6571,67.5388,79.4647,False,0.36449864498644985,699
859,404d58ff6722e4a34014f1a5fb376d1,9,954,4.3909,31.3997,59.0565,70.4112,75.9068,False,0.07307979120059657,485,1.3673,3.9182,6.6338,10.3156,15.86,False,0.022988505747126436,25
860,928678562a6a57db698a862d11861eaa,2,1188,5.4927,30.5735,64.3874,83.3957,91.0493,False,0.14802149487054225,1162,4.3636,28.3325,52.1884,65.2018,74.8159,False,0.1117092866756393,464
861,77f1880f07fc9805ce5f623508bcaa7e,7,703,5.5496,27.6,50.8193,68.2713,78.827,False,0.19694072657743786,549,2.3265,8.7593,14.3141,20.587,25.5601,False,0.02349869451697128,81
862,e767b27d6625f905e9af7c2087a87b0e,9,750,5.0922,31.5322,62.8626,73.8738,81.2173,False,0.25892857142857145,660,2.6667,15.2442,25.8955,34.1627,47.5217,False,0.17994858611825193,168
863,2404a64c8736bcc37ef29b55d8edde64,9,805,6.9771,30.3263,56.915,77.1469,94.082,False,0.3604452054794521,784,12.2607,33.9624,50.1353,61.2164,64.5552,False,0.10554371002132196,232
864,5d7b94584595d7a9118486d21a76684f,4,650,1.8947,11.2848,19.3753,25.7597,32.01,False,0.020676691729323307,436,2.3959,4.5719,8.0363,11.9054,15.5861,False,0.01361573373676248,20
865,6a5be179ac61ab24b07017f7091028ed,6,665,1.6485,8.8497,18.3466,28.0647,39.0269,False,0.07174887892376682,291,0.0,0.0,0.0,0.0,0.0,True,0.0,0
866,e4931ffa06d7b05cb04cb542e2c50eb4,1,625,2.3958,9.9133,21.2345,32.0433,44.4027,False,0.16611295681063123,428,0.0,0.0,0.0,0.0,0.0,True,0.0,0
867,aaba865e99c23e7082db9fca4b68095,2,1590,3.0,21.9673,47.2431,68.2857,84.1809,False,0.22845849802371543,1518,5.9294,28.9302,60.5602,78.2353,85.6407,False,0.17066805845511482,653
868,9c700bfbe8730e6db8f4af915220b65b,6,540,2.9867,13.0874,24.5395,36.7124,53.0435,False,0.18475750577367206,486,0.0,0.995,2.1761,3.5363,5.258,False,0.0,1
869,c4d1ccacb82d854b5a395b344d6773ac,6,3704,3.297,15.1763,44.0918,67.9947,85.6859,False,0.3116599462365591,4103,1.6,18.4271,49.8229,75.8012,88.4243,False,0.4540996469203609,3709
870,5d92fd12417a9405cf004563556ddb36,3,812,7.547,32.1888,57.9612,78.662,87.4892,False,0.09627831715210355,543,2.4245,7.846,14.1289,22.4932,34.2611,False,0.08735632183908046,134
871,5d346bdb7db27accf3588493d5c284,5,829,3.7974,16.2975,38.7159,55.2646,67.3681,False,0.038869257950530034,347,0.0,0.3765,0.9725,2.3168,4.3796,False,0.0011976047904191617,7
872,f83f1cbaf6c41a5db04cb542e2c50eb4,8,1503,4.4494,28.135,60.372,87.1944,98.3457,False,0.6770771950500883,1343,5.3495,28.13,58.8787,79.4457,88.5657,False,0.3911747167561121,830
873,715530026c6459873e8366d7fa2c218f,2,620,9.5476,39.5189,68.8753,80.2334,88.1451,False,0.3941176470588235,565,0.0,0.0,0.0,0.0,0.0,True,0.0,0
874,1055f78d441d170c4f3443b22038d340,8,955,6.2496,29.5554,54.9487,71.8082,81.9313,False,0.19956616052060738,704,4.6915,30.6238,46.9053,56.2694,61.4958,False,0.18927125506072875,220
875,ffd3064cff5757695ecd29875b6f0d44,8,3035,2.5,16.005,36.5554,54.7061,66.6608,False,0.7370232291367939,3022,2.9424,17.7322,41.0667,60.3302,72.6914,False,0.614853195164076,2575
876,f06d2963ad258feaf5adaa9eef900be3,0,858,3.9,26.4083,51.1562,68.993,85.2397,False,0.4403254972875226,735,6.694,32.5954,54.7489,70.6489,83.5313,False,0.4026915113871636,497
877,ea91d70feb603421f74aae127b28c047,3,670,7.3986,28.4828,49.4038,64.5309,76.7554,False,0.1368909512761021,310,0.0,0.0,0.0,0.0,0.0,True,0.0,0
878,9b8c50f5b9e67dec35836c728d324152,8,2387,2.3625,17.3856,37.5272,57.5402,72.7423,False,0.3639564660691421,1874,1.7143,12.2967,28.8621,42.4727,54.9773,False,0.36046511627906974,1591
879,da6cbcac794d377df9111ef49c078dbe,1,2239,2.7491,17.9767,41.3261,60.8155,74.0912,False,0.30112994350282485,2367,2.6,17.7798,37.9566,58.4275,70.3334,False,0.2518955349620893,2219
880,1de49c5853d04e863c8d0fdfb1cc2535,1,601,1.5484,11.4783,22.1351,32.7851,42.6429,False,0.06358974358974359,436,0.0,0.0,0.0,0.0,0.0,True,0.0,0
881,8c3a4f26d6ea2c864a3bb1a89bb7ce84,5,1088,6.1496,34.4023,61.7625,79.5751,89.7453,False,0.5372217958557176,915,2.8138,11.8132,19.1765,27.2887,33.9227,False,0.06443719412724307,217
882,42140baad25c8598baa1a4ff2c45ffc9,0,848,6.5038,34.1501,60.8249,79.9589,91.6387,False,0.0861244019138756,968,14.1413,58.1827,81.8267,87.2343,88.7034,False,0.03414634146341464,424
883,7ae007a84e6e616d5781796ac0b9d597,8,1361,6.5405,38.1411,75.9223,95.5468,99.5999,False,0.6672794117647058,1360,9.996,46.6409,81.8431,97.9991,99.8999,False,0.6032154340836012,1132
884,247dd48e4b6c029e4b3c42e318f3affc,1,638,5.9733,31.1569,59.2206,80.951,93.2881,False,0.45106861642294716,652,9.9075,37.7495,60.0502,70.2263,77.4516,False,0.2752179327521793,386
885,7905bbf9abc0c264f3443b22038d340,5,482,7.6774,36.7507,66.0849,80.5412,87.5059,False,0.09063444108761329,601,4.95,13.8938,19.0594,23.912,28.0819,False,0.13333333333333333,96
886,ebf1982ccb77cf7d4c37b9ce3a3de242,3,1066,0.8471,6.7868,21.8444,37.2989,51.1568,False,0.06794425087108014,1386,2.6491,16.1245,31.079,39.8144,46.6625,False,0.04851004851004851,447
887,4af5131ebc2ffc25ec7cbf3284585a40,7,2849,1.1478,7.4416,18.6048,37.5939,51.9326,False,0.5914893617021276,3509,1.1917,9.6373,28.9043,44.5191,55.1682,False,0.600739371534196,2347
888,58b1c10a6e1d67b3b0cf2e642b746bfb,1,1415,9.1957,37.4259,68.9891,90.62,98.5408,False,0.44489179667840967,1456,8.5357,44.8299,79.3919,96.6498,99.85,False,0.5836990595611286,1111
889,51591397480eecccf58894a68fdb6cca,9,1711,2.6963,18.4434,56.1358,86.135,98.0487,False,0.13331048663468129,1596,7.2945,28.7325,49.4367,66.1607,77.4958,False,0.20820329915292018,999
890,f4a36a5ae5a596942d19175e7d19b7cb,0,4233,0.9474,5.4836,14.1201,31.3634,47.6321,False,0.5852789869410367,3779,0.5455,3.6973,16.8661,33.8341,49.3162,False,0.6637149483449294,3658
891,bbe71bb58b7f8f74f51f77a6d7299806,6,677,7.2,36.9417,65.6039,83.4423,92.5861,False,0.11004366812227075,594,4.7061,12.2576,16.7383,21.3015,25.7434,False,0.015602836879432624,39
892,41bf66b762decaa42c6c98851414a9d8,3,698,7.4947,37.6122,62.446,77.2414,86.7936,False,0.14212454212454212,861,3.3154,7.2047,10.399,14.0641,17.1846,False,0.014245014245014245,14
893,bc78f5fc9b614e357cee0fb3ce7bfbe,8,838,6.5985,31.9754,63.4923,86.4368,96.3939,False,0.8732876712328768,803,0.0,0.0,0.0,0.0,0.0,False,0.009456264775413711,16
894,b69401b412d9300454d7082b34825ef0,7,2105,1.8947,11.3921,25.644,39.7556,53.9908,False,0.5157932519741565,2118,2.081,13.0452,27.3766,38.4094,49.0479,False,0.492742551566081,1803
895,62127325480bec8d2c6c98851414a9d8,0,986,5.4982,25.0879,48.611,66.2785,77.3988,False,0.19812583668005354,804,2.4906,6.5356,10.2076,13.4239,17.533,False,0.10953346855983773,108
896,9582e42453da574f37bf42a4ca375618,3,1169,3.6973,19.0979,38.8361,57.9795,74.5842,False,0.3485600794438927,1547,2.2489,14.1937,27.3964,41.7829,56.7583,False,0.20146818923327894,1777
897,1d498876c8890f7786470a1318504fef,0,1952,2.9867,19.3979,42.14,63.6255,79.1274,False,0.6948665297741273,2175,3.5493,20.8957,42.385,58.1903,72.7132,False,0.5723421262989609,1982
898,6c5b15a19101456219cb07ecb5b4102,6,820,6.6466,32.5675,59.0649,76.8602,86.2673,False,0.3509286412512219,562,4.3936,11.177,16.0394,21.3669,26.3472,False,0.07967667436489607,115
899,df8311076b838c7ea5f9d52c12457194,2,1193,6.0463,32.722,60.4364,81.3298,91.7945,False,0.3948626045400239,1142,6.5864,29.7433,57.5135,76.2427,84.5526,False,0.15861618798955612,582
900,572da8680677fe8937b2bb75885cfc44,9,1041,2.3,12.5873,24.4873,32.1867,37.2656,False,0.04528535980148883,644,1.9478,5.5822,11.18,14.8123,17.0899,False,0.016651248843663275,58
901,81158ce36c90c319740641939c9d6dc9,6,1005,5.3458,20.8957,41.4055,67.2693,82.197,False,0.4034843205574913,1009,4.666,25.1917,44.6373,61.149,75.1045,False,0.2915980230642504,563
902,741fa23c22d97ea81bd5f87ae5f3f83,4,760,6.7765,37.6931,71.277,89.9611,97.6459,False,0.2796208530805687,860,3.8442,25.3491,52.1952,68.1802,79.6284,False,0.17458945548833188,599
903,4d6107c32c75ad6b9f4b4145f6688869,0,871,7.1944,41.1572,69.3999,86.5527,96.5129,False,0.36983993260320136,755,3.51,8.328,11.9314,15.271,19.4694,False,0.06659142212189616,74
904,480d483b508469d1a42913f1450ecdb8,9,1179,5.7983,31.3682,58.5666,74.5135,87.1579,False,0.27710843373493976,1047,6.3115,19.9574,31.3625,42.0746,53.5796,False,0.07193675889328063,177
905,5b0dd54eced22552b283c8c7333d797,5,1212,2.6491,19.4425,51.2621,78.402,92.4214,False,0.1689497716894977,1348,5.9672,24.6396,40.5212,52.4729,64.253,False,0.049927641099855286,239
906,7fc8b858cad8f5849df6f10c48eb6cee,0,1291,7.488,34.596,59.7426,76.7841,86.8348,False,0.26329276105060856,681,0.0,0.0,0.0,0.0,0.0,False,0.0,23
907,7dc1a66d228c8787e39e97231748e33,6,964,4.1976,23.6385,49.4224,70.8973,83.7975,False,0.5260252365930599,971,7.6471,36.2724,59.3319,75.3289,82.5833,False,0.3261802575107296,581
908,93ee27f70b593cee7b11ae648ea92233,0,1897,1.6364,13.4881,33.1409,51.6586,68.2643,False,0.2451726155646577,2359,3.0968,20.4298,43.8881,64.4777,83.5392,False,0.10256410256410256,1586
909,8914307dbc15a20387f0bafef1e13471,3,886,4.9253,29.5358,56.7946,73.2124,84.3814,False,0.3687600644122383,814,2.8281,8.9569,15.7349,23.6422,34.2206,False,0.11290322580645161,149
910,3f04a08d840c0a9c18b14db3b83de9ff,9,987,3.8338,20.376,38.671,53.6395,64.0694,False,0.0650887573964497,813,2.9967,12.1829,24.1567,35.79,48.0591,False,0.039304123711340205,626
911,b5254b56addb692eb516c05d046e8e45,7,1102,4.3494,23.1447,48.862,64.6171,74.727,False,0.1936736958934517,1049,0.6857,4.9811,13.7871,22.1796,31.9199,False,0.15085536547433903,378
912,507a5974b24dce2ee1fc1bfd241d8d6a,8,839,5.4,30.5342,62.6847,79.3944,90.8431,False,0.768893756845564,776,5.2214,12.3226,18.6947,25.4586,31.1912,False,0.04009433962264151,43
913,74b3e4fa65510952e6fe3612af521500,1,1280,3.7333,21.7394,45.1795,67.8614,79.766,False,0.13465250965250966,1071,0.0,0.0,0.0,0.0,0.589,False,0.00078125,1
914,c12da8acb2c7973597e755dddca14449,0,946,7.3986,37.7049,61.6863,79.9187,89.4556,False,0.1377091377091377,822,10.4762,39.7196,58.1273,68.2143,77.1028,False,0.15775158658204896,331
915,b944154f00e7cf1fad484915511ccff6,2,610,8.8023,34.2857,54.5238,67.8483,78.1436,False,0.00964630225080386,646,6.4403,28.4041,43.0696,53.4031,60.8565,False,0.013888888888888888,266
916,aa154024474ad7d138a720835dbeef20,9,1571,4.7,22.749,47.6,66.0976,79.0544,False,0.32025193798449614,1154,2.8491,21.0711,46.1658,69.5346,82.5182,False,0.44107551487414187,948
917,7ec2388fdc271fc4ef22b31268b1b7ab,8,3316,2.3489,16.2699,39.2808,60.2222,75.9553,False,0.3227969348659004,2208,2.449,20.6923,47.2977,66.0979,78.7552,False,0.5170312932705622,2162
918,7f14058e6bf50047ea1d47b7c8c17fea,7,489,3.5556,18.9875,35.7976,44.9796,54.6049,False,0.15490196078431373,689,0.5714,4.8271,11.7618,22.2506,31.7213,False,0.0345489443378119,50
919,30b0196b3b5431da2f95e2a1e9997b85,8,1699,3.4,17.3793,37.7041,51.4598,62.1361,False,0.4770767135724013,1555,3.8338,20.0622,41.0386,55.5027,66.7503,False,0.45436507936507936,1233
920,732e0abfbd4d09858d775f6f7c8f1b0d,9,834,2.6491,13.7248,26.1153,36.8849,48.6084,False,0.824945295404814,834,6.3859,29.7398,60.3762,79.9688,90.0683,False,0.2641350210970464,664
921,1fe0a612dfc3fc548be8b77157b819c9,5,1950,1.5938,15.9364,39.599,62.4502,78.4077,False,0.15197649572649571,2363,4.898,36.3494,65.5891,82.1202,89.0281,False,0.19818609338259993,1617
922,453be11e44a230a0f51f77a6d7299806,0,995,3.9494,25.5595,52.1899,74.8869,85.6618,False,0.1821026282853567,894,1.4483,8.7581,14.8012,22.2636,30.4149,False,0.17794253938832252,276
923,c47bcffe3e74391af3c9c1464e55d580,7,652,5.6389,27.8369,53.0759,71.4159,81.8755,False,0.24288617886178862,571,2.5962,8.4,12.4027,15.8891,21.7562,False,0.13031914893617022,198
924,19666f52289092a3394a3bbfc81460,9,1051,2.6963,21.6406,50.7496,74.5135,91.7127,False,0.3112305854241338,1144,8.7273,37.5586,63.642,78.8364,86.9585,False,0.27107438016528923,487
925,f979d2ead3517a67f20b781026d21763,1,1318,6.2937,31.3565,65.492,87.6999,96.1498,False,0.12102803738317756,1081,5.7569,20.4512,35.3412,47.715,56.8824,False,0.21048901488306165,390
926,a6bdde9da1322bd5116162acefe23592,6,782,3.8182,17.3194,37.8764,58.7827,73.4329,False,0.23900414937759337,711,0.0,0.0,0.0,0.0,0.0,True,0.0,0
927,c487441af8ac37a733718c332b0d7bfd,2,792,2.484,9.676,19.2224,28.7035,36.928,False,0.13709677419354838,759,0.395,0.3991,1.7839,3.7291,4.3053,False,0.0,1
928,7aea8e52f24cd40c496c9cdc8d0a8c08,4,1125,7.0468,33.2802,58.7844,75.7274,84.1001,False,0.4885813148788927,1026,5.5965,25.9619,56.4292,71.3421,82.6518,False,0.28945686900958467,893
929,ebed17a73a2e9e981882515d09f3979e,3,889,5.1495,23.2571,42.8606,57.7998,69.6103,False,0.3073170731707317,451,2.6667,10.9303,17.6609,22.7357,28.2936,False,0.2720883534136546,378
930,1b6c268811e1724ead75d368738e0b47,8,2465,2.449,11.4759,22.7214,34.4494,41.9822,False,0.3602136860849657,2882,0.8889,4.6809,9.5736,19.9289,33.1479,False,0.40558163797600416,2924
931,bea34ffef0c02f07492d9da2668ec34c,6,681,7.4497,36.4079,60.1401,79.0902,89.4872,False,0.24814814814814815,667,9.899,44.0075,66.1957,77.5773,85.6854,False,0.0935672514619883,254
932,59f1f818fce72660ac285e4454a089f0,8,983,6.24,36.9483,68.4907,79.0409,86.1581,False,0.17976653696498054,533,0.99,5.3719,15.088,23.3421,31.2746,False,0.2184959349593496,216
933,2d701c588b3bbbc458c88d30f502a452,8,353,5.9462,37.9205,65.5623,82.3111,91.6048,False,0.27921092564491656,490,0.0,0.0,0.0,0.0,0.0,True,0.0,0
934,b34b1a7cd8b645829d0103304b799f18,7,1076,6.4985,32.4972,65.2682,84.606,93.5573,False,0.2511961722488038,1016,2.039,8.0244,14.0773,19.598,33.224,False,0.19352409638554216,509
935,372118e3595c328c713decb1a0563b12,7,2482,2.5962,13.5085,30.2155,51.7936,73.0423,False,0.22873818788215675,1939,2.549,17.2115,35.2707,50.4075,63.6858,False,0.2181705809641533,1460
936,d23682341fc187a570732116fb5f6e1,2,644,3.6438,22.0995,44.3282,60.8161,77.2134,False,0.23940149625935161,350,0.0,0.0,0.0,0.594,1.5873,False,0.0015527950310559005,1
937,791c488a167bd73f91663a74ccd2338,8,668,8.7,36.0864,62.0756,77.6425,88.3113,False,0.11348205625606207,480,0.0,0.0,0.0,0.0,0.0,True,0.0,0
938,f0f9d29b3eb76fb7490ad276cd2af3a4,7,826,4.7917,28.2491,57.3756,73.5392,86.4415,False,0.06860321384425216,903,8.0348,38.6049,60.4733,79.1546,90.168,False,0.08164739884393063,671
939,6c554635dcd6123a35fd8a41e49d8421,1,1091,3.0492,19.5468,43.0495,60.3424,73.0289,False,0.3826754385964912,1431,6.6874,28.647,48.7367,60.545,68.8876,False,0.13269384492406075,326
940,a544d05ee3bf362d27e1ddec710c515b,5,1156,5.2457,25.0417,49.7013,68.6251,80.3208,False,0.15613946437594745,1132,2.6415,15.0675,28.8774,45.6408,58.8795,False,0.12077294685990338,700
941,89018ce4961c76cd5a8ae8f7c307d01c,5,1200,7.5987,34.5482,63.3923,80.6106,91.7506,False,0.48414376321353064,906,9.3735,43.7135,71.9887,82.9328,88.3007,False,0.49800796812749004,680
942,9849c890f3bc80723a4642fe4c259750,6,664,9.8193,37.0713,59.3826,81.1981,91.8373,False,0.08723021582733813,545,0.0,0.0,0.0,0.0,0.0,True,0.0,0
943,8ab6783b1dfbf3a8a5d9ad16964840ab,8,842,4.7,28.0198,55.0998,77.9467,90.5803,False,0.17964912280701753,839,2.039,9.1337,16.9111,29.8834,43.5331,False,0.10964912280701754,170
944,3fae0625f3cf5e862678f553478310df,0,1453,2.6491,19.0924,45.5965,69.8041,85.3738,False,0.2636443661971831,1418,6.2984,31.5744,58.6607,78.4671,87.246,False,0.2846195949644226,894
945,9b902b5c6570acb314b96b665a8ac321,6,3471,1.1478,11.448,33.4374,56.0504,75.9015,False,0.8128608923884515,3436,2.8281,14.7893,33.5206,56.7703,75.9133,False,0.27681388012618297,1386
946,4848f84b015f1360e8058cf23f6382c1,0,1258,4.0976,25.6382,59.5112,85.4905,96.0425,False,0.18493150684931506,818,3.99,24.1667,52.6639,69.8955,79.1787,False,0.23369565217391305,785
947,6a02133392afc96b40ef1c8b63a628f9,3,2469,4.0444,20.24,42.8476,64.1846,80.4641,False,0.14246369554331498,2094,4.5451,22.4803,47.3331,65.7355,75.7999,False,0.1647982062780269,648
948,a521fba02ca7f9aa822215026d1e8d82,8,497,7.6883,33.7174,58.5228,79.9882,91.77,False,0.12280701754385964,655,0.3,1.5349,4.2426,8.1462,12.1172,False,0.12233009708737864,81
949,ff9b59e29b547dd504721639e19f609,5,3529,2.1,9.999,22.1547,36.5844,56.9816,False,0.7728592162554426,3800,3.0492,22.6467,43.0313,56.8139,67.7832,False,0.5014836795252225,2037
950,70cb8d70d961ca48b04cb542e2c50eb4,3,753,9.0956,37.1772,64.7304,81.1484,91.2401,False,0.18951241950321987,540,13.8552,47.9654,67.2189,74.717,78.9346,False,0.0895170789163722,172
951,c0739ef0c29f005ef1f5e7b74609d54c,2,1354,1.0476,8.7017,14.9235,23.1386,32.4397,False,0.06437768240343347,382,0.0,0.0,0.0,0.0,0.0,True,0.0,0
952,540aaf05d1ff41c0c90a83871023986a,1,2663,2.8966,20.8311,44.9517,64.4101,76.92,False,0.4319686935580975,2094,5.7287,26.1078,50.7674,66.3443,74.5967,False,0.3183270403717688,1876
953,d9aa42439dc6f1b1c63608961819b578,0,1171,3.1429,16.6994,34.2149,48.8517,56.8541,False,0.1635380209990455,2486,1.6941,11.248,22.1982,31.9972,43.8959,False,0.14292730844793713,1156
954,2acc2a87aef7cc559ca96b2737246fca,2,522,6.0738,27.6608,49.1097,64.5864,76.8078,False,0.24608967674661106,673,2.8491,8.3238,13.6957,18.5565,23.249,False,0.1301460823373174,329
955,48ae43c032e9f89737f67f4322e8d3d0,6,576,4.7368,22.2383,42.0865,59.0611,71.6759,False,0.08710801393728224,672,3.1969,13.0394,23.416,35.6376,50.0245,False,0.1259904912836767,845
956,41d9bd662687cf503ca22f17e86bab24,6,792,6.0,27.6101,52.5407,66.2885,75.2428,False,0.11914893617021277,523,2.6892,8.5791,16.0759,24.4721,32.2063,False,0.028985507246376812,60
957,98f2d21c4dcac477f7628281ecb18112,7,2270,2.8966,15.5498,38.1872,59.706,72.2889,False,0.6923076923076923,2042,3.297,21.9783,46.5216,65.2072,74.3857,False,0.40631761142362616,980
958,9d229e34818effff07d3e3c7bfacb95,5,2080,4.0,28.7492,54.6478,77.3954,91.6421,False,0.633939906898011,1781,3.6438,27.8104,56.2512,79.8692,90.8543,False,0.5186125211505922,1510
959,5490efbdadce792f524f4eb395a8604,7,993,5.6496,27.6577,54.4865,80.2865,92.7206,False,0.5151267375306623,860,1.5938,7.0,14.7085,25.6631,38.2632,False,0.24700460829493087,360
960,ce2982a9b05fef738a075f7da2b32df,6,1090,6.1742,34.6895,64.896,84.0356,95.0058,False,0.27170035671819265,1049,7.2469,37.7831,66.0813,79.2677,84.75,False,0.1705237515225335,832
961,c98c12e85a3f70a28ddc51277f2e9733,8,1017,4.7,28.5,52.991,70.9098,79.3595,False,0.11587301587301588,1092,2.0952,10.6963,23.9796,36.7499,49.3992,False,0.10714285714285714,502
962,4a9ed043cb91fd91b04cb542e2c50eb4,4,967,4.7242,26.6906,48.6314,63.7083,74.1256,False,0.08850931677018634,435,0.0,0.0,0.0,0.0,0.0,True,0.0,0
963,56300f790763af1a872860b02b1bf58,8,791,4.0346,18.8918,33.2072,43.695,50.4664,False,0.04391891891891892,445,0.0,0.0,0.0,0.0,0.0,True,0.0,0
964,738395f54b301d80b1f5d603f931c1aa,8,806,6.7765,30.8656,54.2742,69.1338,76.4318,False,0.3170955882352941,627,1.5938,5.9717,11.2532,16.4366,20.9959,False,0.1995987963891675,390
965,4f81153b0a3d2fb25f5359f3b8f96a06,3,2456,3.4493,20.0399,43.7176,64.8894,78.3695,False,0.1907826982492276,2169,5.8462,28.7474,57.8238,77.178,85.5122,False,0.17456279809220987,1238
966,ed1816d4dee58c7ddc809959e304d48,0,781,8.0802,43.0495,72.6272,90.184,96.6487,False,0.18377911993097498,591,0.6462,2.9744,6.4952,10.2857,15.254,False,0.09634146341463415,118
967,123305d8ccc0dc6346918a1d9c256af3,8,473,1.9179,9.8873,17.4257,26.0704,39.9369,False,0.04447115384615385,396,1.3667,2.7349,4.2947,5.258,7.136,False,0.002109704641350211,2
968,6b38324cb8beedc5ca86e527b84d8854,1,1075,6.5466,36.712,67.308,85.527,95.0468,False,0.19114817190506736,782,2.25,6.4398,10.0615,14.0166,18.968,False,0.01838879159369527,88
969,9dfaa9b599fced446f1e07a56c129dfc,6,1345,3.3433,20.6676,48.1388,73.2326,89.3163,False,0.6941950927588271,1486,3.6316,12.2463,18.3419,27.8045,39.4214,False,0.0013812154696132596,105
970,79ed181ca18bf71dc8881577d38510,4,662,4.9495,32.6073,57.4079,70.6194,79.2076,False,0.12603495860165592,562,1.187,2.1767,4.2182,6.7059,9.4894,False,0.0237741456166419,27
971,d9ce33c5f448815d7062f2d72cde5c95,4,3132,2.5962,17.0994,44.3026,69.0013,82.1354,False,0.30894454382826475,4185,0.7467,5.3833,17.1382,35.7192,52.6462,False,0.20087005863438623,3217
972,6a5ee2ac74c81e9d470412e9b69c8933,1,674,9.2173,32.855,55.0716,70.7221,81.281,False,0.09116022099447514,511,0.0,0.0,0.0,0.0,0.0,True,0.0,0
973,cc5dea482768651ed0e93cdb469eb63,2,670,3.4886,23.1451,47.7838,60.2295,69.7981,False,0.11895551257253385,487,0.0,0.0,0.0,0.0,0.0,True,0.0,0
974,32c35f86754c0b4847307542345b60c,5,733,5.5459,27.4722,53.8042,74.0453,84.7949,False,0.1554364471669219,776,1.2632,3.8562,6.5232,9.5654,13.5443,False,0.052489905787348586,49
975,4e0beb356493c9cbc862eec8232fff1e,7,2926,1.6,10.9855,28.0392,47.0346,60.3152,False,0.4643096889684493,3618,1.6485,12.6275,30.9497,50.5232,63.9755,False,0.38384299406663624,3138
976,3bd437d38068f4a61f285be552b78f9a,5,768,7.8497,36.3417,60.9977,75.3884,83.264,False,0.17983367983367984,367,6.7471,26.0111,42.728,54.946,64.252,False,0.15571776155717762,182
977,288143f68d5b9f7462acff507939719,0,926,5.5982,36.8493,68.7878,84.1702,94.9873,False,0.3847980997624703,823,0.6222,1.04,1.8857,4.9535,8.8297,False,0.022222222222222223,40
978,9dac39c51680daa2f71e06115e9c3b3e,9,4104,2.8862,12.1992,27.9428,48.1495,64.8453,False,0.1878048780487805,4662,2.6491,15.1678,38.6419,70.4961,91.4454,False,0.18136168955841087,3895
979,d02f9ae175fa83d3e6fe3612af521500,7,2567,3.8974,22.6472,53.288,79.9975,91.3401,False,0.6104360257326662,1939,2.9867,20.3239,43.2364,62.5122,78.7106,False,0.37111801242236025,965
980,fc3d4268406b396e71a782a4379556c7,6,528,8.0422,29.8198,47.1981,63.3308,76.9139,False,0.10309278350515463,221,0.0,0.0,0.0,0.0,0.0,True,0.0,0
981,8bb74c3e07557ba9177f2a3a0c71fbcd,3,926,2.9288,14.7182,29.3499,39.8578,47.1255,False,0.024464831804281346,414,1.5273,5.7164,8.1277,10.0417,12.4495,False,0.006679389312977099,129
982,a4ebefeb5cc26f7378a371eb63283bfc,8,4360,4.6452,22.9255,47.4992,68.9791,83.1855,False,0.34771487039563437,3543,0.6462,5.646,20.2641,38.9722,55.3998,False,0.24132265352228383,1684
983,4552ab193b8566acea343d0d02e4d3bf,8,692,5.9,30.0897,52.9184,68.694,80.3872,False,0.2932551319648094,631,0.0,0.0,0.0,0.0,0.0,True,0.0,0
984,72fe5266a93c1998dbbc9440457e303e,1,637,5.985,31.9043,58.6851,77.7708,89.4837,False,0.28904665314401623,634,0.0,0.0,0.0,0.0,0.0,True,0.0,0
985,8d4efa9893f7e49b3a85b56ecd01e269,5,2144,3.9975,22.4,43.6573,60.8297,74.7741,False,0.3703071672354949,1068,2.6,16.2902,49.4933,73.7862,88.8522,False,0.534556313993174,1453
986,502d0f698e20af83de03ab2a27ba7531,1,701,8.3953,36.2865,58.0359,73.0853,84.2718,False,0.06516072980017376,525,13.2089,43.7446,60.3924,69.9717,74.3719,False,0.012790697674418604,170
987,6549c13a4c96b926f51fa0238791f5dc,8,540,3.919,21.906,44.504,60.3519,77.1679,False,0.17842323651452283,596,0.0,0.0,0.0,0.0,0.0,True,0.0,0
988,2c250a89e731a3d16f554fd9e81f2ffc,4,1131,6.1935,31.1678,57.561,76.2678,86.9535,False,0.42238033635187583,1068,2.6852,18.7435,40.888,54.45,63.1411,False,0.22875,835
989,a18156a0e60e50391f4c17ff3c45b28e,1,624,6.3859,27.516,47.2407,63.1833,73.4317,False,0.12791702679343128,681,0.38,1.898,3.0834,4.6021,5.7368,False,0.0,9
990,675e25ef07ef717cc8bd7a04c9659f1,8,546,5.5714,24.6562,42.3822,57.2545,68.5914,False,0.11306256860592755,468,15.6508,54.1695,67.3275,72.0475,74.9934,False,0.0015015015015015015,121
991,8bce3b7b7f0f48ad28a1548e344f0e2e,2,5293,1.6,11.292,31.9297,50.845,65.1968,False,0.6952682439186938,4882,0.6,8.8497,28.679,49.7711,69.0318,False,0.6065255731922399,3816
992,d54100efac3ab743626ced72908b525d,3,923,9.7745,43.0707,69.7061,83.8464,91.1753,False,0.16067329762815608,594,1.3933,4.0982,8.7849,15.3606,23.7315,False,0.06896551724137931,193
993,e3fba8a576d4d875e1d0950dd1aa903d,0,1118,7.8471,38.2684,73.1319,90.4841,96.8897,False,0.4066420664206642,788,2.869,12.2179,21.6765,29.9784,37.6797,False,0.22695652173913045,293
994,dfca4eae14e0bb541f6399f392c887ea,2,1510,2.2489,14.4457,35.1229,53.1278,65.7514,False,0.4397094430992736,1463,3.0426,17.7,41.1881,64.0468,81.6527,False,0.5502283105022832,1206
995,387dc2c22bdf6d2a6df42853f67b5836,2,871,8.6954,39.6691,69.402,82.4539,89.2828,False,0.1959721146398141,673,0.0,0.0,0.3986,0.5982,1.9802,False,0.002296211251435132,2
996,58891b4cc3fcdd7622bad8a709de6e5,7,2237,2.549,17.5,44.2774,69.4987,85.2858,False,0.4586860137041516,1382,1.8486,12.4161,25.6916,38.1031,49.5358,False,0.3065436978480457,738
997,cc811f0c28012f493c528a26a44a30b6,7,1785,7.0411,38.374,67.2152,86.4767,94.6581,False,0.4292845257903494,1651,7.5,42.1471,72.2999,88.5928,95.0441,False,0.3826164874551971,1301
998,c7f607892513a2f787bf0444104341d5,2,2074,1.1,9.437,23.7849,41.1927,56.7934,False,0.42798092209856914,2417,2.6491,11.97,24.9072,37.7862,51.2343,False,0.30937614009485587,1515
999,ccc4b5366a6dc7c4cffab2c8f8bf5951,1,698,2.8421,18.479,40.6149,57.8326,68.9386,False,0.2606679035250464,661,0.7059,3.0801,7.3781,11.1695,16.4511,False,0.0084985835694051,14
1000,5420d4699cf0125fd08f8c5dee475682,6,5348,2.449,16.7463,34.4337,54.1496,70.3964,False,0.5516026178889075,3898,1.8,12.1399,31.2435,52.1696,75.9506,False,0.6661951909476662,4076
1001,51c276e96ac4c04ebe67d9b32c3ddf8,0,813,8.2497,36.7004,62.5489,77.3524,85.4,False,0.14620431115276475,410,0.1333,1.2,3.209,6.5792,10.0204,False,0.013422818791946308,93
1002,f7e1a17728ea76dbc6bcadaedba80eee,8,1357,5.1495,28.5394,55.7146,72.7082,84.8744,False,0.28337874659400547,998,4.5451,25.9222,50.3844,67.4482,76.2045,False,0.43537414965986393,964
1003,b66a32bed74e203591f74997d435672d,7,997,6.4,34.5711,66.5104,87.3002,93.0712,False,0.730566037735849,1296,3.7173,25.7686,55.5817,84.3896,91.5904,False,0.633399866932801,1458
1004,40e9fdb477fc0c10f07ea52432becd0a,6,1193,6.9468,30.9455,57.3655,82.2513,94.634,False,0.45843828715365237,1123,4.9495,34.7613,71.1392,89.1979,94.2311,False,0.4398148148148148,984
1005,d94490f503e005cb9eeee305ab9432f0,7,1465,2.502,19.4488,47.7896,65.6807,80.3955,False,0.6474025974025974,1072,5.646,17.2092,29.6453,38.5078,48.182,False,0.2929936305732484,565
1006,59bbf4d0360e4cf733e5ff708bab9b06,5,771,3.7493,16.6162,27.9456,38.2212,48.4458,False,0.02794759825327511,406,4.8246,10.8162,16.0489,18.9906,22.8185,False,0.030690537084398978,35
1007,a33fcf84726cd862d866e3aa112e4663,0,1636,3.9,22.4249,49.8,70.0909,87.2259,False,0.9192399049881235,1596,3.8182,19.7945,37.5989,60.4085,77.7044,False,0.5087087087087087,876
1008,436be9df788b706fb40f0ac0fb9a650d,8,1445,4.3977,25.3339,53.0327,77.9033,92.4357,False,0.6064516129032258,1294,2.2957,10.1679,18.1319,24.6555,30.1998,False,0.09084880636604775,200
1009,3c3b33293af7459f2677042d71d00b91,2,1598,3.8974,24.4082,48.7996,69.1309,80.695,False,0.27586206896551724,1732,4.1205,22.204,39.3081,51.2799,59.7702,False,0.1731309724564362,489
1010,b80e1766b45076ff492d9da2668ec34c,9,686,10.566,38.4664,62.6984,77.2467,86.7417,False,0.33591160220994476,523,0.0,0.0,0.0,0.0,0.0,True,0.0,0
1011,c12ea730ea29f8945914d57d976758c0,5,595,5.9395,32.5921,47.5128,63.8462,74.5964,False,0.24530516431924881,466,2.0172,4.1417,7.2201,10.125,13.8661,False,0.04,55
1012,e64630913e8b723c23ff850238a15b07,5,525,4.4,23.9381,43.8196,55.1357,62.2867,False,0.14523809523809525,437,3.0968,16.7669,33.676,46.5691,54.385,False,0.08409986859395532,300
1013,90c6d1df1f83329fe1181b0e584cdf9b,7,1266,3.2492,27.4182,51.0294,68.8607,84.7543,False,0.38016528925619836,1239,7.3469,39.2501,71.6965,87.9777,95.5309,False,0.3968565815324165,867
1014,f1f69b9b2dbf7402c862eec8232fff1e,8,1189,1.8486,14.2414,30.5735,43.1887,50.8323,False,0.23536511768255883,858,3.2727,13.7143,29.7452,42.6648,54.0135,False,0.26570915619389585,926
1015,be7ee770ad59ed0eb07bc9fe525caedf,1,855,4.8454,23.1805,46.4863,65.1912,76.2427,False,0.16048387096774194,584,2.2154,6.9709,12.0437,16.9307,22.4883,False,0.015167930660888408,82
1016,e25c7c2469135e3fdd3adf3090c701f7,5,747,3.7974,16.6275,30.791,40.0903,51.5504,False,0.0678659035159444,559,0.0,0.0,0.0,0.0,0.0,True,0.0,0
1017,5a871d6613216ecebda72093f9b5aa73,7,2343,4.7,26.1813,51.8976,73.054,84.8204,False,0.6358543417366946,1745,6.8986,30.3938,57.2326,77.1205,88.3099,False,0.552195526097763,1404
1018,2abe8d5b5d29ff52f7628281ecb18112,6,4234,1.1917,9.4476,21.5333,35.8835,48.0329,False,0.5518382352941177,4208,0.8,8.4355,24.0553,45.6815,64.9941,False,0.5309389029865313,3609
1019,c3b6c4563e5f3dc4166ddaef2c2c61ae,0,928,5.0495,25.0984,47.6939,64.1799,76.8125,False,0.2222222222222222,876,2.1395,10.867,22.0778,37.2397,57.2435,False,0.26688632619439867,610
1020,b4c73f4772efcf69742728b30848ed03,1,1868,4.5913,29.2123,57.1878,82.4116,95.4248,False,0.6948051948051948,1786,4.998,33.5171,65.698,83.6778,87.9069,False,0.5481896991330953,1168
1021,c09cab69cc04378cff24fe90298ffa71,8,920,4.9495,20.3734,39.9961,56.3739,66.8468,False,0.10576923076923077,690,2.0873,4.725,7.2227,9.1792,12.4062,False,0.043991416309012876,53
1022,78d3258e4664daa9e8f8c11a24c52ebb,2,3829,1.4483,9.2281,28.9997,47.0495,64.8176,False,0.5529588336192109,3414,1.995,14.5445,31.983,49.2385,64.6326,False,0.53472048132364,2293
1023,75f32479a35f39e9f43d965e3ff9c5b6,7,1723,3.7493,21.45,47.5317,66.9531,77.6225,False,0.2356063699469171,1303,4.0,22.9996,46.0408,62.0432,72.9649,False,0.37790697674418605,1595
1024,fffda9f09223a21118ff2740a556cc3,0,768,9.8477,40.0849,68.4497,82.4359,91.8467,False,0.32755102040816325,533,2.5358,8.6512,13.2493,18.3511,22.7012,False,0.1022167487684729,127
1025,1ab4c6ef68073113cf004563556ddb36,3,3146,1.9487,13.2674,36.1711,59.4902,77.5835,False,0.7535377358490566,2802,1.5484,10.7281,24.8953,43.4124,61.5675,False,0.5992789080607778,3064
1026,d64b2ba9f1f35362cffd61677456447e,0,894,4.6979,28.8367,53.922,70.6094,83.7907,False,0.601842374616172,671,0.0,0.0,0.0,0.0,0.0,True,0.0,0
1027,8cb521c0e96b349d65ba78ad9601cf1b,0,975,2.9967,16.6246,33.4926,46.4495,58.121,False,0.3927827897293546,1032,3.5889,20.1221,39.5747,58.8,71.6262,False,0.33789625360230546,882
1028,f29cbdb2c7bb10f9953d950bcd7de7a,7,409,6.9958,23.5554,39.3242,60.0255,72.3687,False,0.1437037037037037,363,0.0,0.0,0.0,0.0,0.0,True,0.0,0
1029,b81be96660f38a8c7543d7dbfecfffbe,9,784,4.5978,20.5482,39.5164,55.5393,72.5741,False,0.29660238751147844,628,4.1012,18.1834,29.4489,40.5029,50.7179,False,0.23603793466807166,389
1030,92450ce64f51c778f235ab3c41aeb5b6,0,1355,3.9494,29.4357,57.3769,79.4955,89.9599,False,0.4262478968031408,1188,3.7579,16.1526,30.3507,39.6837,47.8792,False,0.17369186046511628,260
1031,9e140d4e30a90721b459fd126141e9e6,9,1139,5.7983,27.3294,50.9595,70.7837,83.8027,False,0.36970039570378743,1284,2.2489,16.4938,32.6581,42.9643,54.2326,False,0.2892561983471074,421
1032,f1787517791764e74b3c42e318f3affc,6,3286,1.6485,16.3,38.5027,61.3284,78.2484,False,0.6904883011190234,3361,0.8471,11.1444,28.0968,46.6827,59.3796,False,0.5788988712278277,3568
1033,bf3c02f71de0260a8dfc31d0ab372d9c,3,1115,3.4,18.6488,36.5389,54.5103,69.1384,False,0.2571428571428571,777,1.5771,4.8443,10.3927,16.568,23.9497,False,0.048500881834215165,74
1034,d0500d229baf05b0e83221ad0d21775,0,2023,1.3,7.8471,27.8176,44.9376,55.426,False,0.9216330361332707,2072,3.919,18.8184,36.2653,51.1741,58.1029,False,0.1393969352446861,282
1035,59126ed88bf7735b1817f13b030c6f32,7,2729,4.0,19.7,44.7473,63.0452,74.4177,False,0.4536082474226804,1501,4.2,24.4669,55.1819,76.8461,87.5477,False,0.6831615120274914,2169
1036,9af15c2a94ef79844aebea9384ce74e0,6,1002,6.4938,33.7553,59.7593,76.6071,87.8686,False,0.2014760147601476,626,3.3553,7.1224,11.3501,17.8569,22.3853,False,0.03857566765578635,48
1037,1f8eaa7aededc7e637b2bb75885cfc44,1,756,10.2029,38.5607,63.821,80.399,93.3211,False,0.5343347639484979,674,7.3497,33.5988,56.0651,74.2165,84.9182,False,0.3329519450800915,409
1038,4913388a4c94547a81806e3880250dff,1,501,2.7789,15.5775,27.9029,38.4851,63.7871,False,0.4983388704318937,401,0.0,0.0,0.0,0.0,0.0,True,0.0,0
1039,a4b690e66e3937c88b42931b6e108d6c,2,654,7.0411,33.3154,60.4159,77.262,89.0799,False,0.6542416452442159,633,3.9771,8.0467,13.0139,19.3285,23.2718,False,0.02118003025718608,21
1040,308f0ebcbcdad58119fb4103277a6b93,4,1582,1.4,11.0099,25.3519,39.4961,48.1774,False,0.42105263157894735,2549,3.0426,14.6189,26.238,35.0829,41.6898,False,0.12880143112701253,311
1041,9515e377c1ec86529b9f2eb77f5e247e,7,1917,4.4,28.6747,57.3496,82.938,96.1625,False,0.7157039711191335,1885,7.8497,39.7274,78.4446,93.9871,98.4408,False,0.7593064762876084,1533
1042,6e50f19c52a760e3cc1159c3b443c932,3,1163,5.2,25.6421,54.3297,72.1949,81.8506,False,0.3659447348767737,666,1.7944,8.344,13.4622,17.8012,21.4031,False,0.17270429654591407,229
1043,5128a385e9c90443febad4f49b26ec52,9,736,6.8058,31.1543,57.647,79.032,88.7958,False,0.31588287488908606,747,7.7885,32.7924,59.35,78.4918,84.3658,False,0.23255813953488372,589
1044,84d783ab90b79f8036b0f2a1430e993a,3,730,3.0,23.5234,43.9431,61.15,74.6332,False,0.28895184135977336,635,0.593,1.7744,2.357,4.4444,6.2843,False,0.0013623978201634877,5
1045,76710f51915396e0327289c00b6dc9ca,0,785,5.0257,26.3467,56.6511,76.3185,86.8308,False,0.30594405594405594,709,6.7985,25.7606,46.2148,63.4768,76.3679,False,0.18416030534351144,456
1046,5912ba21e93d2c5b8bd10c3418cc648,7,1870,4.0494,23.9983,50.6751,72.331,87.8977,False,0.44830544830544833,1506,4.9495,29.2555,65.8211,83.5038,89.1803,False,0.35341176470588237,1006
1047,4a48b39219bb7d64457ba044c28858b1,1,711,3.9342,19.2817,39.639,60.0256,76.0545,False,0.0802615933412604,1106,4.1349,22.4062,49.0371,72.8255,85.0015,False,0.10196374622356495,748
1048,33c4f94e97c3fefd19fb4103277a6b93,4,1912,3.8182,21.216,43.6469,65.2182,83.6145,False,0.8838280450358239,1769,4.9455,27.238,56.0736,76.8751,88.3865,False,0.46830985915492956,1007
1049,af28dbdce6ed8cea19fb4103277a6b93,9,1208,2.449,10.1755,22.3629,34.2863,40.8524,False,0.20103916866506794,1797,4.5217,14.9133,23.3538,29.3454,33.0621,False,0.10204081632653061,196
1050,64d535abf6fe5ec46874ce99dea28d5,5,2099,2.0488,16.871,39.3316,62.301,78.4155,False,0.49344135802469136,1772,2.9492,14.4544,32.8346,53.5254,72.8684,False,0.4332730560578662,1864
1051,69a6407f21509325a04c9785f6d4e317,0,1190,4.0444,29.5195,63.6694,86.3113,93.6163,False,0.36938110749185665,912,1.3023,3.3571,5.7831,7.6297,10.618,False,0.03859060402684564,48
1052,41bb8be36df856eb847d4e46a1f9f05,2,479,4.3432,17.9968,35.2403,50.2021,59.9516,False,0.05788876276958002,453,4.0376,11.8306,17.7933,23.7408,31.938,False,0.058935361216730035,78
1053,bccedf688d8e5536eaf288f952624966,5,3478,2.5,15.3896,39.3977,59.3998,74.2406,False,0.44034027311394675,2956,2.6415,14.9418,34.1053,51.6688,69.2069,False,0.38178633975481613,2834
1054,d3562f992aa405b214b1fd95dbca05,1,1469,3.9494,18.6658,43.3887,63.5052,88.2553,False,0.6462990561351217,1845,4.1446,21.8407,49.4659,75.781,88.1418,False,0.4170383586083854,1708
1055,c3c159a5a56614aad7b20fded0142d7a,1,1193,4.6979,21.3641,43.5078,60.5649,74.7393,False,0.13588634959851761,646,0.7875,3.8653,7.1931,10.9379,15.6934,False,0.08855799373040753,196
1056,226f096dbce49857bdfa5e0753fa3240,1,1516,2.8966,17.5487,40.2484,61.6216,78.7524,False,0.6865271068169619,1626,3.3313,20.9695,45.853,70.172,87.2321,False,0.5606146841206602,1226
1057,adcc6534d6db1ff9dff990aa66c50fe0,8,1558,3.3493,20.4225,43.4535,64.4659,78.5639,False,0.15621679064824653,1706,2.8,10.9333,21.963,33.3299,43.0245,False,0.07403314917127071,386
1058,6a01eed3a575987211e48e4bcdc4a2a3,4,1223,3.1302,15.7367,43.1979,63.6056,74.7867,False,0.36515513126491644,1065,1.4345,6.3179,12.0176,14.8743,17.4295,False,0.06712962962962964,160
1059,2b82a928c4a81fe1df4cfe396cee719e,0,1951,5.1981,31.0987,56.1401,75.1214,85.0408,False,0.3148464163822526,1131,7.6105,34.852,55.8989,70.1508,76.1325,False,0.23317073170731709,577
1060,7a5e63ee142a424c5f6d0af6de791c3,3,398,9.5917,45.2162,78.7884,90.6311,96.1896,False,0.3170731707317073,466,3.0857,9.1833,14.543,17.7312,22.1322,False,0.11610486891385768,198
1061,ff546450fb0bd81f6e7c5546c1dbd220,8,1157,1.9385,14.5667,34.3444,50.2705,68.8548,False,0.12778272484416742,1376,2.3833,17.691,31.6987,47.4697,60.8816,False,0.12486602357984995,942
1062,6ecc9a0b03cb8bc2d2b12aa6a0f050b3,1,1273,5.5,25.5234,52.0953,68.1968,79.6653,False,0.2626641651031895,746,0.0,0.7515,4.0,8.636,12.5673,False,0.014855355746677092,25
1063,5623d0ec9efedbc9d4da89766e80607a,3,3506,0.4444,4.3494,16.0944,31.3493,48.9012,False,0.6418194808287687,3388,1.2,10.3913,27.5587,49.1362,72.5094,False,0.664535038635758,2741
1064,4b366b7995cd8d7fce4f274577283b16,3,784,5.7983,32.6217,61.7382,76.6293,87.7937,False,0.13043478260869565,646,1.4444,4.9187,7.5986,11.2995,14.3867,False,0.027348394768133173,80
1065,4c1d6b12b48a80b0ebd10747ca93b13b,1,3525,3.6164,28.6478,60.3993,86.0971,96.1469,False,0.9397724118789897,3464,7.8344,37.0934,67.082,85.4802,92.2687,False,0.7839086708344659,3038
1066,400ae609e39ff49639d5fb08047c894e,7,726,2.8491,14.7208,30.8061,42.4388,52.1413,False,0.12645794966236956,1109,0.0,0.0,0.2,1.6491,5.3832,False,0.0,50
1067,cfe139c0e8b8cfdae342bce0d924820,0,932,5.7983,30.4433,60.4159,82.2514,96.2406,False,0.5756266205704408,891,2.502,8.4203,17.4232,33.1793,46.2803,False,0.33070866141732286,420
1068,866e7248434968051cc7750d0afca796,6,1280,6.3938,28.9224,54.1603,71.3388,86.6726,False,0.48277717976318624,1475,5.8847,35.0954,59.5097,76.8,86.9999,False,0.4264607118871726,844
1069,4b79197258fad3363efeda73d60343e4,5,506,12.7055,45.6565,68.9517,85.7431,93.8042,False,0.22727272727272727,331,2.8138,6.6271,9.6992,17.627,38.0863,False,0.12149532710280374,94
1070,2448d9aeda5bb9b0f4b6538438a0b930,5,685,6.6045,25.9535,42.2645,55.0083,64.719,False,0.08402203856749312,889,20.5851,45.8121,52.4146,55.5531,59.7461,False,0.05269922879177378,134
1071,19861e56a952fe97b8230112437913fd,1,1331,6.3496,31.1885,63.0749,85.2278,96.2657,False,0.39977349943374857,1141,4.4449,28.0456,54.8911,79.8462,95.3498,False,0.5024242424242424,1148
1072,7e66472eb05cca212e77b4bab2489170,7,1335,5.5839,28.9337,54.0659,71.8758,82.4363,False,0.3706896551724138,891,3.5437,20.5859,40.1818,55.8112,66.6592,False,0.20281124497991967,462
1073,f2075f1c3088a167cf513de9a02a2561,5,2174,2.0488,13.619,32.9573,50.9029,62.3235,False,0.1468347780404518,2192,2.502,17.0958,31.5823,42.0319,49.288,False,0.12064676616915423,529
1074,c0e3582a0c8273653c4f66791e25960f,6,929,5.2981,28.7986,54.6491,79.2114,93.0652,False,0.2832529290144728,933,1.4438,7.2051,12.8498,17.9693,23.524,False,0.11077844311377245,184
1075,cd47ea438a9387c0ee088de33038f12a,6,848,9.0365,38.6507,63.5886,77.5537,85.0143,False,0.2560747663551402,496,0.0,0.0,0.0,0.0,0.0,True,0.0,0
1076,7a1515106a9dbd2bae4c6ed7474cdaa3,5,2339,2.1488,13.9283,33.544,53.9224,67.4705,False,0.31145685997171146,2297,1.995,15.0458,36.1416,53.5535,65.1107,False,0.3205364186168814,2683
1077,3919e93cc1f3bf5bd7f7a4c4609b0913,0,1013,3.2492,26.2633,51.7862,74.2243,89.965,False,0.45076586433260396,976,7.7949,32.3764,54.4322,70.6457,79.9413,False,0.3376102646351243,655
1078,61950eabab269b5c530a9fedbeceb83,1,1013,10.4,40.7985,68.6966,84.3487,91.995,False,0.07009694258016405,422,1.2115,3.2349,7.3572,10.6565,14.4334,False,0.01085883514313919,11
1079,74500999671b4c99d7bf6fb68df7f786,8,534,6.5466,26.5648,43.621,54.8203,65.4881,False,0.19621109607577808,350,0.45,1.3585,3.7132,8.2494,14.1429,False,0.042435424354243544,31
1080,92c068abecb15e1adcfd6ca2b952d624,7,3672,1.6364,13.1917,34.8318,59.066,76.9165,False,0.3300520059435364,3489,3.9443,22.3929,47.391,66.3155,77.4253,False,0.50330542089026,3150
1081,d00a7550cf050fb3720daf9b94e7a5a,7,1252,5.2981,29.897,55.4539,73.4083,84.1004,False,0.41805813234384664,1041,0.7677,1.5794,1.7839,2.1761,2.7613,False,0.0,2
1082,b856a62e23ef65324b87db09ac4cfa73,3,3617,1.5,8.5146,24.4963,39.6424,58.7151,False,0.2652666070896634,4878,2.1,14.2748,35.2367,54.8834,65.922,False,0.28886709171162334,4267
1083,2b85487133b04a543f86d4a1692234ec,3,517,7.7,36.1754,62.5904,76.3101,84.2032,False,0.07492507492507493,559,1.7143,7.3772,14.3234,20.4437,27.0627,False,0.019817073170731708,152
1084,955ee3a20ba242414580ed619ae2daa1,0,643,3.2431,19.2139,33.314,46.0865,59.5479,False,0.03761061946902655,295,0.0,0.0,0.0,0.0,0.0,True,0.0,0
1085,71b1134533fb33f489452a0032ea575,9,2400,2.3958,18.557,42.2068,61.6177,72.0055,False,0.16592592592592592,748,0.5308,2.5404,3.7206,5.8252,7.5072,False,0.0020833333333333333,5
1086,e821fb5eb1e21368c341afa383659322,9,4151,2.6264,17.6465,39.7186,60.0853,73.4942,False,0.34190800681431005,3726,3.2492,14.894,31.8196,51.575,68.9718,False,0.4490300494484595,3468
1087,763bccb675b7439ab9afb6208cab1d,3,1180,3.5437,12.545,22.8743,31.1155,37.9501,False,0.09217171717171717,550,3.19,12.8408,18.6485,23.8953,29.1546,False,0.05084745762711865,60
1088,8b8fa92f9c677b0713decb1a0563b12,8,1766,2.3489,19.1667,47.5436,67.4999,79.3445,False,0.43637226970560306,1259,5.0,39.1145,73.0435,89.5386,96.4659,False,0.3407216494845361,835
1089,4cfc78be98de1d2bd607f0b8430fb29a,5,1335,2.6491,17.0012,40.9915,64.5213,78.8725,False,0.7281134401972873,1468,8.6428,41.4387,72.5457,84.6185,89.6562,False,0.3995943204868154,735
1090,7910a6262ad8fc113fa02fd212ba0e5f,7,682,6.9209,32.8259,57.3807,74.6972,84.7882,False,0.28068506184586106,664,0.0,0.0,0.0,0.0,0.1,False,0.043478260869565216,62
1091,40567b0166658623b80ea7d1a9683df8,5,1132,5.2495,29.8957,62.5528,84.1349,94.8417,False,0.49047282992237123,980,1.5918,4.4493,8.5429,11.2998,14.8742,False,0.03169014084507042,40
1092,e5b6a3cf96b36a1613660685f1489e72,9,652,6.1398,33.7873,67.2669,81.3322,90.5602,False,0.3430451127819549,777,0.0,0.0,0.0,0.0,0.0,False,0.003067484662576687,2
1093,46bd3baefe788d166c05d60b45815,5,734,0.6462,5.1058,16.1622,27.8861,39.5222,False,0.08852802514405447,1344,2.4,11.9481,23.2447,31.9651,37.8394,False,0.12459016393442623,638
1094,3115864130f4e8188f56c17c21b5509b,8,582,7.0213,39.2438,65.9038,84.2093,95.1849,False,0.3309438470728793,532,0.1875,1.3324,3.5017,5.1347,7.0338,False,0.006791171477079796,11
1095,c5958d1f079b0be47b8e25a5db8c2573,3,546,5.8932,29.033,50.5507,66.5867,80.585,False,0.24261083743842365,463,1.0182,4.9678,9.2498,12.2571,15.2642,False,0.009771986970684038,74
1096,8830354625df010037b71c02ebe8cb4d,6,2625,3.1875,19.1488,40.947,60.743,73.8805,False,0.5178091397849462,1892,6.0738,27.7996,53.0682,75.9895,89.5781,False,0.49885358663609564,1951
1097,1db766ad516a6993f4b6538438a0b930,8,1122,6.4,26.8824,53.5664,71.1339,85.379,False,0.27435610302351626,1154,5.5982,28.9322,51.4263,66.4596,73.8572,False,0.12406779661016949,536
1098,6f7a337878543c07c3bd24f986301745,2,920,2.6,14.5871,30.4035,42.8283,50.3544,False,0.801,881,0.0,0.0,0.0,0.3953,2.5453,False,0.0,3
1099,c69ddb5376e22cb8c4e8952b27b5f370,6,1496,4.5363,23.3791,51.2418,72.8307,84.0615,False,0.43315266485998194,1677,4.3448,20.7617,42.654,60.1761,71.9999,False,0.2245292129406084,1040
1100,dada2389e96606307aa7cd663df90f18,0,1357,4.4911,26.7477,53.7931,68.7402,77.2189,False,0.12418627941912869,888,1.3939,3.6957,5.6968,8.2658,12.8282,False,0.017409470752089137,104
1101,f9fb36db323fb2d2df6cfab91d65bb91,5,866,4.5451,28.2181,54.7949,77.2888,91.2688,False,0.2398286937901499,871,4.3578,15.4875,26.0355,36.6233,45.7395,False,0.030752916224814422,106
1102,a69a2807ca667fd9492d9da2668ec34c,5,1165,4.7495,28.7027,55.098,73.8983,84.8847,False,0.8408,1136,4.8495,26.8465,46.4049,61.2926,72.3138,False,0.49640861931364727,710
1103,7eb566a254731d8871a782a4379556c7,6,3792,1.4483,7.8969,19.1731,31.7091,43.8388,False,0.19388073680924134,3856,3.5,21.649,41.0479,57.6934,69.1464,False,0.23013478173405755,2323
1104,28844eb55fc82dc8f4b6538438a0b930,4,735,5.8983,31.1722,57.4804,78.1705,89.6265,False,0.16680997420464316,622,0.0,0.0,0.0,0.0,0.0,True,0.0,0
1105,331e1247f5672328826fc8d57346a2e4,0,193,1.595,4.2203,8.5039,15.8446,24.6472,False,0.00423728813559322,44,5.5324,12.2415,16.9803,20.4668,23.9437,False,0.024509803921568627,16
1106,4afbcdeba648df2e19fb4103277a6b93,7,1457,2.2957,12.0702,27.1555,40.2453,51.7223,False,0.13560885608856088,1005,1.3333,9.1622,19.9708,31.0281,41.1001,False,0.1667590027700831,649
1107,2c795b27253f9ada336961c9971d866b,2,621,9.3319,31.8367,52.8363,66.5436,76.0474,False,0.11294416243654823,256,0.0,0.0,0.0,0.0,0.0,True,0.0,0
1108,94d55392edad30d35192e08e628ef9a8,3,905,7.9988,38.764,64.3136,78.1815,87.7349,False,0.2355808285946385,616,4.1349,25.0219,46.9947,61.95,76.2224,False,0.1166407465007776,531
1109,8b45782142fe42b02314deb821327685,6,1077,4.5,26.036,47.3757,60.3699,69.8607,False,0.2767412935323383,976,0.7467,4.7077,8.8571,13.374,17.9138,False,0.07438715131022823,194
1110,a08870dc5fc0c8aca19799a9cde9e06f,7,1005,5.6496,27.5562,51.7027,68.9424,80.698,False,0.22383922383922383,761,7.8222,28.8038,46.6002,57.1332,64.3305,False,0.1147086031452359,200
1111,629117f474a4bd482d7c2f5a9f32d6bd,3,4487,2.9492,19.0953,39.5998,61.045,77.8792,False,0.7553430821147357,4876,1.4933,7.3415,26.1756,50.342,73.1462,False,0.5430148458317472,3620
1112,768ea32d8303095bfe6f9308e75765b1,4,743,4.998,30.4642,65.4936,86.8098,94.5014,False,0.33697632058287796,725,1.0476,4.555,7.7095,11.8829,15.7383,False,0.09949622166246852,130
1113,6ed95ed3e89e09ac191c3762b497eca9,0,3226,0.7,8.6816,25.1419,47.0998,62.8975,False,0.6707692307692308,3833,3.5493,18.5373,41.1041,63.1722,77.2648,False,0.4132138857782755,3084
1114,c98b7e1952c2c7bb85f6153ed2033a1c,8,691,6.9496,29.9668,49.1355,62.1881,71.3168,False,0.21618953603158933,541,1.7917,4.2106,7.2541,12.7004,17.0174,False,0.011527377521613832,11
1115,7a7b08cf81cf358a8616812464c86290,4,1332,3.5,22.4996,46.7519,58.3445,65.6391,False,0.1218557853549469,675,2.0952,9.6444,15.0233,21.2242,29.1621,False,0.06541405706332637,199
1116,3885255ca5d75e69da2260dc4a1fc2c6,9,1024,6.4938,39.7614,68.1368,87.3262,96.4187,False,0.3894491854150504,767,1.3714,6.911,10.4385,14.7761,17.7313,False,0.15950334288443171,190
1117,114b563de051057fcda85f6a3e19b0a1,7,853,5.3383,31.7133,62.3389,82.4171,92.4617,False,0.47879359095193214,716,2.484,12.8269,25.1513,36.2304,46.9368,False,0.10631229235880399,479
1118,d28423569bfd84708336a02debb9923b,3,1307,1.3929,8.4497,17.5949,25.233,30.892,False,0.21348314606741572,637,0.0,0.0,0.1973,0.5982,1.3903,False,0.0007645259938837921,2
1119,bbe63bca5688ac6b7236a8143b10600f,0,1134,4.5363,28.6897,55.7728,80.2645,93.6163,False,0.4461009174311927,1388,4.3795,19.3344,33.2131,44.4523,59.5711,False,0.3111111111111111,518
1120,f5ef49d354efe6741cda53280488fc3f,9,2054,8.135,33.4332,66.5976,87.3497,96.8498,False,0.42236286919831223,1317,3.4743,17.2394,37.0811,60.0202,72.7987,False,0.17156177156177158,459
1121,f350621fba76ee29e7b1367d085b7e66,9,535,10.7982,42.8705,68.3615,85.8342,93.8394,False,0.27764127764127766,505,0.0,3.3974,14.5692,28.5584,44.3581,False,0.04827586206896552,73
1122,fe99f16c2532cdd07ba99ad16fdc05cd,7,790,7.1944,33.2892,62.7349,78.0404,88.4194,False,0.11249086924762601,733,2.7418,12.1728,19.6442,27.1767,34.7001,False,0.12251655629139073,227
1123,972355f42223e6199cd431573238602d,4,1256,4.8,26.303,49.3527,66.5556,78.2802,False,0.4204152249134948,1207,5.8496,27.8644,46.8,57.9061,70.6271,False,0.21594475831763968,681
1124,3d267294b4a01900b04cb542e2c50eb4,0,1766,2.5962,23.0,49.9968,72.2999,84.2924,False,0.2687713310580205,1208,2.9424,20.4495,43.4384,59.2219,69.9457,False,0.25274725274725274,628
1125,ed9d0bf4b699c2e86393e0168650b62f,2,743,2.2,8.7,15.5305,20.9442,26.7342,False,0.09650053022269353,291,0.0,0.0,0.0,0.0,0.0,True,0.0,0
1126,67fe832a22b91e6c54ddc93d2b7d3d65,4,678,4.5451,31.892,65.0477,80.151,93.8911,False,0.18001722652885443,692,3.7304,9.7778,13.2906,17.522,22.6484,False,0.01692524682651622,43
1127,cebe4dbc363265ce46746f657ed598,7,920,7.7497,33.8894,56.7373,71.3245,85.2853,False,0.05791505791505792,724,0.0,0.1994,1.7839,3.7291,6.5764,False,0.0,2
1128,946f16a9bcc3c2be75aa7f24a9b6003a,1,548,4.6366,26.3911,39.8866,51.025,58.5585,False,0.0436105476673428,481,0.0,0.0,0.0,0.0,0.0,True,0.0,0
1129,5027bd5ab457e99068821642e9a54505,7,794,6.1496,32.0639,55.386,74.4957,83.584,False,0.044585987261146494,518,1.7161,3.4962,6.335,10.1906,13.9286,False,0.0,8
1130,6fa2db75b28cc1375c728bbce49718a0,8,850,7.9988,36.5445,60.6941,74.061,86.315,False,0.25,620,0.0,0.0,0.6,1.6721,4.0662,False,0.035211267605633804,32
1131,e19214cabca496a3f7b54e04c7238d7,0,818,6.7941,36.4011,71.6231,86.5634,93.3832,False,0.27604562737642585,860,1.4194,2.8388,4.6319,6.842,8.4909,False,0.06682577565632458,76
1132,9dad5d3a04753f69febad4f49b26ec52,8,1013,2.1488,19.9921,45.4518,64.9228,76.8644,False,0.3307543520309478,1051,3.843,11.1753,15.0867,17.7667,22.7243,False,0.13228035538005922,134
1133,40bfad5f86a730b29f2349486c570dd4,6,2240,3.3971,18.2951,34.6167,50.1743,65.6796,False,0.2,2416,4.6495,29.1499,56.8787,74.1534,84.2787,False,0.24858757062146894,1738
1134,cbcc5cd1aec9f3413aa677469bbdd68c,0,2089,3.4971,17.8431,39.7499,60.0496,78.6897,False,0.2562266500622665,1946,5.3,30.9623,58.8944,77.7742,86.295,False,0.4301369863013699,1043
1135,e5d285ad477a33a27eaeab1f0c9120b7,8,1008,5.9496,28.9887,63.8045,83.857,91.4467,False,0.17177522349936142,827,2.3833,8.9909,14.695,18.5366,22.3429,False,0.15946205571565802,199
1136,1b92525f3945f486fe24b6f1cb4a9319,0,790,7.6471,40.5339,73.6524,89.4655,95.3493,False,0.5245901639344263,791,1.6941,11.0303,20.9892,34.2841,45.1715,False,0.25704225352112675,281
1137,3ff53879d12a2259cf004563556ddb36,6,400,9.6742,36.03,58.5758,72.85,81.9044,False,0.06841339155749636,334,0.0,0.0,0.0,0.0,0.0,False,0.0,2
1138,87afe5137d675efb73418f9a8c25ad1a,4,1370,1.6,8.9456,21.4745,32.6447,47.0553,False,0.08548168249660787,1030,0.8471,6.3402,15.3459,24.2852,33.3973,False,0.20745820831547365,1447
1139,586b90e4b5e0530935836c728d324152,1,610,6.6463,28.1054,52.0095,72.4033,81.7046,False,0.07507507507507508,464,5.2509,11.4371,18.2467,25.4545,31.3842,False,0.00744047619047619,67
1140,31e59dcaa15f2599a52abcb0c06a3598,5,1192,1.7944,9.7347,23.4071,37.1624,46.9421,False,0.1368181818181818,1309,2.6963,18.3024,35.8494,47.1992,57.3998,False,0.18411764705882352,821
1141,56d06d2b12a40bebdbbc9440457e303e,6,635,9.1989,37.2016,64.0263,78.7659,86.936,False,0.10670443814919736,537,1.0476,6.0824,10.2556,14.7156,19.9891,False,0.057971014492753624,95
1142,41e5e9ecb83b9a45504d5af97121b5f,1,1037,5.4982,33.6855,61.2267,79.592,91.6319,False,0.28390461997019373,686,2.9552,7.1992,13.5264,21.6523,29.7283,False,0.01651376146788991,71
1143,fd9e909b082d8175d319c38340319ae4,3,547,3.2308,12.5052,25.459,42.0443,55.9046,False,0.05997693194925029,372,7.6897,17.4996,23.4341,31.0054,37.0444,False,0.016778523489932886,59
1144,cbf18927a23084bd4a62dd9e5e4067d1,8,911,3.2492,19.6732,36.2113,46.3791,56.3914,False,0.2095940959409594,728,3.7917,7.5747,10.6812,14.9623,18.536,False,0.020942408376963352,64
1145,736589cbc46fe6b059f8e31ca87c470e,3,2095,2.8491,15.6975,33.0265,47.7333,61.9648,False,0.4187403993855607,2523,2.3404,13.965,30.479,43.8998,53.6838,False,0.35019267822736033,3511
1146,3db18530ff6bbb50f130e9cdbbb1cf40,7,1811,3.0,14.99,33.3711,50.8875,69.7413,False,0.5531603945926197,2440,3.8974,21.0882,44.4813,61.3269,73.7728,False,0.42415316642120765,2057
1147,364a43c9f94f315496db593b49da23e5,2,1878,3.3971,19.0828,43.0343,61.5469,72.0606,False,0.19918836658775788,1668,3.3433,19.5468,44.0956,64.2602,76.6812,False,0.308168795973674,1501
1148,d0d3585a2c4579bde290ca81b042ebb4,7,774,7.4497,33.6855,65.9282,84.8002,95.5823,False,0.38661710037174724,718,2.1955,8.2286,16.6136,27.8247,40.1562,False,0.12701829924650163,273
1149,4c5ae0ca12a5e8b3490ad276cd2af3a4,9,1909,1.9487,13.9498,30.8971,49.5475,64.8994,False,0.3336752136752137,1992,0.8,6.7941,18.3864,31.0401,42.8158,False,0.34602175157412707,2794
1150,1cad298ed14e60f866e6ad37fee011e,2,701,5.4,25.0219,47.9218,65.6843,77.5478,False,0.20713577799801783,517,0.0,0.0,0.0,0.0,0.0,True,0.0,0
1151,3e34987bd5e7cf0e6c5cd45aa112726,2,891,5.7931,26.3004,47.5213,65.7498,79.9763,False,0.14538310412573674,858,7.634,41.4062,68.3075,82.4462,89.6253,False,0.05901911886949293,383
1152,671d34c27cc0f1bf2deeb5ec76cf103b,9,565,4.8918,23.9135,43.9248,60.5521,73.2077,False,0.13411567476948869,788,13.5816,49.9646,70.9383,81.5547,86.5999,False,0.07334273624823695,196
1153,331bfb4cc56f09e201cbed672acdcde,1,696,9.6477,33.9495,57.1081,71.9166,81.8761,False,0.24797219003476245,381,2.4961,5.3937,9.6362,13.7388,16.5634,False,0.0,21
1154,6dadf2259bec12c6a51c26819f8dbb51,8,553,2.5412,16.1424,24.8499,29.8459,34.418,False,0.05052878965922444,341,0.15,0.5091,0.8,2.4828,4.8124,False,0.0016835016835016834,42
1155,216821d05f00b1ccc3bd24f986301745,3,1355,5.0922,22.0642,39.9313,55.5974,68.9413,False,0.7132450331125828,1232,5.2457,22.1381,38.5679,54.3644,65.0477,False,0.6248322147651006,1066
1156,490941bf4a532b62492d9da2668ec34c,9,1332,4.4911,28.5986,59.5725,81.598,88.1493,False,0.4042309891366495,1124,3.9975,21.2531,48.3279,68.7631,82.0083,False,0.3194168323392976,659
1157,d1d9da0da16dbb1a765101d95c92a0e5,9,698,6.694,42.4626,66.3946,85.6834,98.2188,False,0.3258325832583258,775,1.125,4.9938,8.7124,12.1843,15.665,False,0.13168724279835392,127
1158,43569dc880494256b40f0ac0fb9a650d,4,1775,1.8486,16.7994,50.7417,82.05,96.7991,False,0.918848167539267,1890,4.1786,24.8844,52.9938,70.971,81.8517,False,0.48884165781083955,1027
1159,bd0cdf88217ac15af9e0f15cc1c070db,3,1270,7.1944,37.004,71.3207,92.336,98.1771,False,0.7176740627390972,975,7.7987,39.0431,69.8801,93.7999,99.0999,False,0.5291375291375291,698
1160,4719c75b8ce30de84b3c42e318f3affc,7,4226,2.449,15.2895,33.8761,53.0392,65.3599,False,0.17255474452554745,3806,2.9967,13.4967,30.2542,46.4387,65.2967,False,0.1692857142857143,3959
1161,be4c88a130e622a21961e650f3cfa396,8,3091,2.0,13.3731,32.2369,51.8691,73.2472,False,0.4255125284738041,3167,2.7964,16.8166,34.6733,50.4929,67.1917,False,0.6641597510373444,3326
1162,6a0bd5d9ec4567d9d42216b5daf41a39,7,1338,7.3986,30.9884,67.2143,83.993,89.3983,False,0.61800346220427,1466,9.0989,46.3495,78.1909,95.6623,99.0443,False,0.6497102382485512,1224
1163,60e36f3ad1dad5cf71f761119ebf0b45,0,660,6.7679,24.4125,41.5208,53.6148,63.2098,False,0.13631156930126,332,0.9882,1.8571,2.1087,2.3014,2.668,False,0.013513513513513514,15
1164,463fe7f155dd7279a7635bec8b4f9183,2,2307,2.7964,16.8852,38.3005,57.3157,69.0554,False,0.1765051395007342,1699,3.3493,18.059,41.1774,62.0879,76.4847,False,0.10837789661319074,802
1165,bec075322d514fc9f51f77a6d7299806,2,1733,3.3882,14.2972,36.9,62.5324,82.2492,False,0.1396778916544656,2159,3.3,21.5471,44.5338,62.4294,77.785,False,0.1448685857321652,1926
1166,35c3575340cc8234456cbf78e1e89022,0,3150,1.4483,11.8992,33.6893,55.6011,76.0433,False,0.3744142455482662,2716,1.9,13.7739,31.088,43.6776,53.4656,False,0.31501182033096925,3525
1167,7ea38c936513f5df3772b104757a4809,3,1151,7.6987,34.6442,60.8271,81.6748,91.2788,False,0.3552833078101072,619,1.4733,6.7702,12.5495,16.7759,21.705,False,0.08755364806866953,116
1168,fa7f42b395c3cfce520ab6214a789faf,9,1291,5.9294,31.6742,54.9781,70.2711,80.2265,False,0.3342228152101401,709,4.8816,22.9137,42.2958,59.6781,71.3859,False,0.31188493565480696,442
1169,b3194efdf2b8031e8f6e9f07be105c48,0,615,7.3497,40.3425,66.6497,87.181,92.6756,False,0.5383043922369765,891,11.2681,46.8248,77.0722,89.0634,93.4728,False,0.48152866242038217,548
1170,4abbd2b632d3aeae4b3c42e318f3affc,0,721,5.5839,30.3663,60.3839,80.4256,89.3677,False,0.2267241379310345,702,2.3774,10.1992,19.9277,31.5406,45.6703,False,0.10013531799729364,92
1171,2f24021efe2ccfcc2db431502a680805,6,561,3.3313,14.3883,26.0438,38.0506,47.5108,False,0.049680624556423,918,4.1494,34.979,50.6707,59.8526,69.9422,False,0.04119850187265917,551
1172,9a54daea9071a536bf80985a99195eb8,8,1148,5.7983,28.2609,51.6508,65.6502,78.0,False,0.3521617852161785,791,2.0238,7.1027,14.9914,27.9274,37.5673,False,0.1892319873317498,354
1173,e2dbe84030167f1ca5aad165050e534c,6,1606,5.646,28.9945,57.6228,73.5978,87.7907,False,0.4510752688172043,1093,0.4444,2.2857,5.25,8.5138,10.8248,False,0.05875077303648732,106
1174,413a7b8c5de6dd4ebb7b779fe99ae983,3,750,7.9988,39.1426,65.5657,81.8463,89.7437,False,0.12241521918941274,607,0.0,0.175,0.7624,2.308,5.6918,False,0.005291005291005291,10
1175,d792c65f8b1710709b9f2eb77f5e247e,6,1930,2.0488,15.6688,49.0656,86.9,98.05,False,0.7106452938758734,2232,12.7969,50.9323,85.05,96.6996,99.35,False,0.7323076923076923,1448
1176,455829a425b5f919fc93c3b1c0fca400,9,499,7.9688,36.8062,59.8436,78.1461,92.1129,False,0.3132530120481928,373,0.0,0.0,0.0,0.0,1.104,False,0.004008016032064128,2
1177,6e6ab9da02b8e3bd9bcd01fc6568d728,6,1368,5.8932,32.8212,58.6607,76.0461,84.4169,False,0.12339645693341478,471,1.995,10.2439,24.3417,36.1533,43.9855,False,0.2566295979469632,3039
1178,447a5eee395026fa8d09bc92d0fc6d3a,9,776,7.4787,37.1372,68.9571,82.2862,88.9406,False,0.24740484429065743,666,1.5758,7.5537,13.1207,16.9102,21.8319,False,0.1070063694267516,93
1179,3421ad5a45b85f7a4b3c42e318f3affc,9,1490,2.3489,15.6508,34.3803,57.1543,75.0066,False,0.13018811585547924,2295,2.039,13.7,32.375,52.7879,64.7999,False,0.07471264367816093,2437
1180,5fd2483e98dc2ddef3c9c1464e55d580,6,478,5.3945,21.6651,37.3511,47.5532,57.8505,False,0.01557285873192436,435,1.2537,3.7698,6.262,10.6047,18.8073,False,0.002028397565922921,16
1181,53316b8bdd729c87a516ad65be981ae,5,552,5.4198,24.4961,40.696,54.8855,66.8709,False,0.04,410,0.0,0.0,0.0,0.0,0.0,True,0.0,0
1182,d3ff300de7ab36bfc8528ab560ff5e59,3,1085,6.4465,33.4284,59.3715,76.65,86.7834,False,0.18689655172413794,636,3.6757,20.4414,44.7561,54.1541,58.6228,False,0.128739800543971,160
1183,6634fdee517153e7e8523833000f615,5,1241,3.8897,17.9728,29.7917,40.7218,51.6688,False,0.04332634521313766,252,3.64,11.2928,19.9021,27.9375,34.3196,False,0.05321683876092136,85
1184,6b8c5cd585ef8c67ff2b8acf844d34d2,8,1174,3.4493,15.6343,28.9497,46.0159,58.456,False,0.19300911854103345,1181,2.1818,11.6498,24.341,39.0673,47.6058,False,0.20710382513661202,1035
1185,fc07472e4dd1b6698ae97f14e63e7e01,4,584,5.2495,25.724,44.0214,56.3522,64.6382,False,0.1522633744855967,536,1.75,5.174,8.1015,10.8896,12.3623,False,0.01092896174863388,156
1186,8bb9a20b7090c90bf2356faf7e20b90a,4,1051,3.9443,19.8119,38.8577,55.8968,69.8953,False,0.2302127659574468,1840,4.3909,23.0892,43.8431,60.0574,71.7282,False,0.08161044613710555,937
1187,e6c900568268acf735836c728d324152,5,528,8.9989,37.3285,59.3985,74.2279,87.5758,False,0.18474758324382384,575,2.1273,6.8553,16.5773,34.6204,45.7287,False,0.044189852700491,110
1188,2ac0a9cdbe7ab8a6ad484915511ccff6,9,773,3.99,19.5859,39.3136,53.0759,65.4791,False,0.10967184801381692,512,4.2212,16.4149,30.5374,44.4747,60.156,False,0.11372950819672131,314
1189,4275718494dd309bc7d25fde6b97816,9,1138,4.9,28.4183,55.2776,73.4448,85.0738,False,0.42322834645669294,1031,9.3476,39.1173,61.0979,78.8143,90.9441,False,0.25716282320055905,661
1190,58ad41e336942bf3c5243a0ab191990d,7,2680,2.1395,13.8853,34.8111,52.6314,66.2946,False,0.35960193652501343,2375,1.4933,12.7471,26.536,38.6865,50.535,False,0.2898124310408238,827
1191,e59cc0fed1520985b21bc3cf138f79e,6,922,7.1986,31.0449,60.4033,79.1322,91.4164,False,0.017180094786729858,795,6.9991,12.0376,19.0173,30.2116,40.5104,False,0.0,29
1192,2b69e899da0c15cfb40f0ac0fb9a650d,4,1649,1.9487,9.9497,21.8898,31.983,40.9462,False,0.19251054852320676,612,0.0,0.0,0.1961,1.5691,1.9764,False,0.001212856276531231,2
1193,6d27c80c3da530d69b11da89c22111dd,4,568,1.1917,5.7496,10.9443,17.7499,31.7846,False,0.03716608594657375,325,1.2115,3.8634,6.3695,8.2978,12.2712,False,0.024263431542461005,23
1194,2773ae187d1e9d3d504721639e19f609,5,1670,2.7964,14.7993,34.5117,47.3221,55.8496,False,0.23928403203014603,961,3.3735,16.2031,30.3312,40.3069,49.1436,False,0.20920876173446581,1035
1195,3774a2b8c71e70b9f18a36d57b7cced0,4,580,7.7795,37.6228,65.0153,84.9104,93.6727,False,0.38509316770186336,535,1.9102,4.6238,7.8075,11.5807,15.5947,False,0.06292517006802721,45
1196,fdd21f7f2ca9f0bcbdcbca499b446e89,2,1479,2.0488,21.183,55.7552,86.7334,96.177,False,0.44455544455544455,1413,5.5,30.1,61.7,87.7982,97.3498,False,0.5115384615384615,1272
1197,92373022868b812fe9aa238b4bc8322e,3,1365,2.3489,14.4993,34.9482,52.9998,66.614,False,0.2576112412177986,1320,1.2878,4.5855,9.5069,15.3785,21.1646,False,0.0071174377224199285,50
1198,510fdcfcba1bc18ea1081ad712f6fb3,5,2077,3.4493,23.3983,43.7918,57.8648,66.3976,False,0.21268498942917546,791,2.9867,17.744,36.9197,51.4773,61.648,False,0.4029399048854302,1168
1199,619a795a84e2566ac22e965981351403,1,1198,6.0984,31.7153,57.7674,76.3489,86.3253,False,0.20669406928948914,857,2.0864,7.8814,12.8962,17.2174,23.9353,False,0.06106264869151467,140
1200,2a417b5a946ff7eb2a3f8f484e6c5c4f,4,1022,4.7495,26.6264,51.9096,69.1601,77.9853,False,0.5991228070175438,801,0.0,0.0,0.0,0.0,0.0,True,0.0,0
1201,4148f94098b428095dc3653f8341633a,3,896,6.4938,33.2853,66.0129,81.8419,89.686,False,0.25552608311229,524,5.2844,14.5641,22.0123,27.4521,31.6083,False,0.15368421052631578,200
1202,23951f57f090116141bac0aa0782f561,4,2110,3.5972,22.8819,46.1509,70.9061,89.3773,False,0.15502830951739013,2174,4.992,32.2105,58.4279,75.5618,87.6056,False,0.16521131680055887,1226
1203,78c9204b2eac432b65b77a565916c7f,3,480,10.867,37.334,66.9185,83.4839,90.5438,False,0.06826801517067003,365,0.0,0.0,0.5982,1.5873,3.5363,False,0.0020833333333333333,1
1204,5952c6c49ace76c5beea20858a99d5,6,548,8.1561,41.3551,71.3326,87.3262,95.1991,False,0.18692660550458715,487,11.8592,34.339,46.9668,54.1849,61.0924,False,0.12941176470588237,124
1205,583deb9e5cf939a9daeb838d0771f3b5,6,2412,5.1,23.1724,47.1785,66.0979,80.5721,False,0.5960714285714286,2057,3.8769,15.6484,35.2506,55.8535,74.0602,False,0.41589350544574427,1098
1206,b8ca8a0c021d152887bcae7a654cc37,5,1101,5.9395,26.4694,52.0461,69.8994,82.1412,False,0.22739361702127658,745,5.2495,25.6567,50.0854,68.3991,79.0621,False,0.41829085457271364,791
1207,1ef99f4e735ceabad97996b11dc03f35,0,2028,1.3,13.8741,36.5014,60.4181,78.6533,False,0.4219827586206897,1271,4.4449,26.1818,53.4355,69.5617,78.2495,False,0.3264150943396226,784
1208,ac041c720dc66c06d1c83bc8b134e4d8,0,1108,4.1446,26.4985,56.3522,73.0228,82.8715,False,0.05311077389984825,974,2.2667,4.7488,7.65,11.9877,19.0481,False,0.006711409395973154,92
1209,f7b52f9c95ebaf3ff91663a74ccd2338,8,1050,6.0852,27.3139,54.6676,77.1168,88.5515,False,0.45260663507109006,789,6.8204,25.9938,45.9484,57.1946,63.9238,False,0.17408274785323966,454
1210,801fe0b3a0e555a937b2bb75885cfc44,1,1694,3.4,20.5981,43.4486,58.8489,72.7394,False,0.35919343814080656,2283,2.3,15.1498,37.1079,59.1922,74.2978,False,0.3873598369011213,2389
1211,c0857de5101f704f3c5e1addd9922bf2,4,1472,4.7979,21.7174,45.3736,64.702,74.3916,False,0.5363540569020021,1444,5.7931,25.5102,40.2142,50.4399,58.9103,False,0.32094811018577835,590
1212,50415355dff6f4e0c2c1a442b53fa053,4,1014,6.8496,29.3124,53.3502,66.7523,82.1195,False,0.4149715215622457,725,9.4989,45.2314,73.942,87.9357,92.1006,False,0.2810126582278481,504
1213,d66fe5dc263064a2bc38fb3cb9934c71,8,744,3.7493,20.9318,42.3722,61.9652,76.1666,False,0.07994389901823282,796,2.7491,18.3488,36.2956,54.941,68.4186,False,0.09392655367231638,805
1214,9b42da9217caaed8f51fa0238791f5dc,4,1137,4.0902,15.5086,29.4016,39.938,49.469,False,0.00859106529209622,624,0.0,0.0,0.0,0.0,0.0,True,0.0,0
1215,7f647aa4750640fdaf192dd05d69c7a2,7,3788,1.1917,12.9452,34.7514,60.7204,76.9957,False,0.3500470072077719,4828,1.1478,8.5427,23.0649,41.1927,57.0736,False,0.30993823694553624,3211
1216,807c16e4f6f2c5852cf52ec1a1c9b69d,8,640,6.8942,34.7736,62.914,80.7123,88.8793,False,0.1847922192749779,700,1.3371,5.5673,8.847,11.9262,15.4246,False,0.00723589001447178,56
1217,5bdcd3d77e1c91f78e437a27fb25efdf,0,527,2.0488,20.0149,36.118,49.2327,59.5102,False,0.03429101019462465,589,4.7324,7.4812,11.4278,15.306,17.958,False,0.0018148820326678765,25
1218,731d9114eecdeff93454e751432992d2,8,682,8.4812,37.4778,62.7579,75.7124,88.5539,False,0.062280701754385964,529,4.6593,16.3895,32.1727,43.5151,52.102,False,0.0026560424966799467,73
1219,33442081ed6e32c4504af6e1321617aa,8,3070,2.449,16.1424,42.7065,70.0011,87.3707,False,0.5986895986895987,2786,3.6973,24.6417,51.4579,72.3537,85.3209,False,0.5863981319322825,2365
1220,8707cf0c311ba8f34b3c42e318f3affc,4,5453,1.3929,9.1,25.9985,46.5985,64.1516,False,0.4114256436531318,5566,2.496,13.1346,28.8262,45.609,62.3773,False,0.31785345717234265,3486
1221,588ca1d34f93eddd8ee30571b0da74e4,0,1428,5.1827,26.2905,59.6114,83.5088,94.5642,False,0.13122923588039867,1296,8.1472,35.8402,65.5423,82.6666,90.628,False,0.3198942498347654,569
1222,184007a6dee70847c2a9692bf3ba76d3,9,1082,7.2469,35.2835,66.2592,82.7469,90.0436,False,0.4686028257456829,789,8.6897,43.3339,66.2685,80.3464,87.2057,False,0.14929785661492978,473
1223,5fd2d226435431976f283df3449ca535,7,1066,1.9385,12.6933,27.3996,41.1619,53.9313,False,0.39357729648991785,800,5.8537,17.1125,26.6453,32.7375,39.3198,False,0.06912028725314183,125
1224,26e8033e59a3adf6bb53a6a5f5051240,1,982,7.9988,38.9422,74.922,87.3587,92.1687,False,0.31683168316831684,614,4.849,35.453,62.3046,80.1134,89.5008,False,0.4024051803885291,534
1225,379f0efc898d7a7e9fe74a48bbc553d7,6,615,5.2457,21.78,32.3746,40.0855,48.5011,False,0.08431372549019608,491,1.8526,5.52,10.456,18.24,37.8815,False,0.022900763358778626,323
1226,6ec4d5fa96861bcd70311dea98ba710d,7,1781,2.8966,17.9994,36.4208,54.8297,68.3278,False,0.27933579335793357,1686,2.8421,18.781,36.8296,49.4907,59.9455,False,0.15213358070500926,703
1227,d3a958aa302f198b938da3ea2c9e0e4f,9,1198,4.7495,25.442,47.3413,64.8951,78.9109,False,0.07634902411021814,677,1.995,9.2122,16.5977,21.4892,25.2126,False,0.0958904109589041,322
1228,5ebe4b9a29d5c0274de7ed732f5aeea4,1,654,7.8471,36.5041,69.1167,87.8987,96.145,False,0.6194477791116446,695,0.0,0.1967,1.5738,3.5324,4.878,False,0.0045871559633027525,3
1229,94f5c52453dfea0b6606be97908355b5,2,979,4.8495,23.1379,39.5025,49.7838,56.8525,False,0.08351976137211037,474,2.1913,5.9598,8.8418,11.7392,16.7131,False,0.027105517909002903,82
1230,a241ab0fe7fbb1f41dea5e6084523ee,8,1092,3.4,21.9499,45.6196,64.6891,76.2469,False,0.16430131004366813,1041,0.0,0.0,0.0,0.0,0.0,True,0.0,0
1231,69933c14a02d65166e28ffc6e1f368fe,6,1422,3.5889,25.0491,54.5736,72.0947,83.3126,False,0.36930860033726814,1014,3.2431,21.9308,46.6966,64.7779,74.4616,False,0.4275521405049396,1179
1232,44b0b359d2eab610c2a3b7c9bad24907,9,1815,4.898,31.1461,65.0882,85.8857,95.9425,False,0.6063776781265571,1409,3.4435,21.582,44.7628,61.5805,72.485,False,0.3511159499183451,667
1233,6e46e4cce527abc114d449899f34bd9d,5,640,7.3986,37.2016,62.9029,79.1273,87.6923,False,0.06673407482305359,415,0.0,0.0,0.0,0.0,0.0,True,0.0,0
1234,7740fa5979753c734209d14d674fb332,7,647,9.1475,40.345,63.7293,76.2779,83.7249,False,0.08463035019455253,468,6.4773,29.8088,48.0145,58.0277,64.247,False,0.006119951040391677,175
1235,c54a464d63efcab2c389b3ea958c8248,6,765,10.1,42.4173,73.8449,91.069,96.9628,False,0.34632819582955576,720,2.5846,8.044,11.894,14.9754,18.5805,False,0.1351010101010101,134
1236,e118a2870622acaf65ba78ad9601cf1b,8,738,9.3319,39.2335,65.7782,81.0399,90.0888,False,0.4642857142857143,779,7.5789,31.233,52.9903,72.851,84.993,False,0.3565965583173996,681
1237,96af52c34e42b546cd2c9316e943c316,2,610,7.4987,40.578,66.9873,82.2264,90.5608,False,0.30465116279069765,512,2.6885,6.8571,10.1062,15.4036,20.3882,False,0.06782334384858044,67
1238,a8641cd287bcaa2011fd5138fde4c9dd,0,969,4.4045,25.053,51.3265,73.6223,85.4514,False,0.06733794839521712,727,2.3538,7.8653,13.0459,18.4692,22.7225,False,0.06956521739130435,138
1239,e50a97aa15d7cbc5972e15b580d9a5b3,1,852,6.9643,26.9048,48.6401,63.4561,70.7073,False,0.3078902229845626,673,0.0,0.0,0.1989,1.1857,2.7477,False,0.007042253521126761,6
1240,681f4302a8bd9698f4b6538438a0b930,7,1939,3.5972,22.3445,49.6953,72.4564,86.7223,False,0.43333333333333335,1544,3.6164,21.3405,44.0436,64.7891,80.07,False,0.41564190850959176,939
1241,df9eede2969408d0bd2b1bd66a734698,9,1347,4.9495,24.6272,56.6083,86.2704,93.6898,False,0.3981531776208582,1227,7.842,34.7413,66.1783,84.7177,92.6743,False,0.23737373737373738,858
1242,470d626518cc53a2ff085529822a7226,1,1600,1.7486,14.8498,34.4765,53.5791,67.715,False,0.5279794959419052,1977,4.4978,24.359,47.2344,65.8211,78.6944,False,0.3756298671552909,1403
1243,9e9dc51a4e0db2e4c3bd24f986301745,8,1271,2.6,19.4107,50.8445,74.1576,89.9874,False,0.9844236760124611,1277,4.7495,36.9957,76.5382,93.3819,97.9898,False,0.8108711839166046,1161
1244,9cd0529b7ce926017dbe6b236c44c533,4,830,5.2981,24.9772,43.1761,58.6366,75.1214,False,0.15879828326180256,520,2.731,7.791,12.4127,16.9927,21.0937,False,0.04400440044004401,119
1245,cbc47018135fc1b1462977c6d3c24550,8,2639,2.449,18.7339,46.6638,68.734,83.3989,False,0.49279538904899134,2023,3.1969,18.2935,35.7171,50.8268,66.2732,False,0.3904229290457882,1339
1246,3b0ec945e7290c3a6a0677e97a0ab6ed,2,2494,2.6491,15.2993,40.8912,67.9523,83.6724,False,0.4062592264540892,2269,2.3,17.0974,37.6679,58.0292,71.3442,False,0.5221365324193088,2835
1247,4b785965d54454a4e82cbac5cad4b7d3,1,1120,1.9385,14.7211,32.6295,50.2953,60.8457,False,0.2955715756951596,1396,2.2,16.1,34.6963,50.1429,69.5757,False,0.2283422459893048,1177
1248,9cf25518a8d3eecd9c48aa7bc7cbcce7,9,652,3.9375,18.0981,31.2074,39.1961,46.9204,False,0.09259259259259259,587,3.9929,10.232,15.9725,23.8592,30.0659,False,0.016320474777448073,33
1249,e3adf2e6b3c3b015b63c025d1a57d1e5,8,4914,2.7964,16.383,40.8374,63.3923,73.6142,False,0.5413427561837456,3810,1.4733,12.3648,32.8212,51.6172,65.9656,False,0.606581899775617,3678
1250,736ef1325209503533d93f57729688db,2,973,1.7143,7.7891,13.2503,19.0023,23.8535,False,0.10178571428571428,261,0.8148,2.1714,4.2694,7.2314,12.2279,False,0.018404907975460124,23
1251,4fd20c1142b642221403e6cccbe91852,9,465,9.5156,36.5427,61.351,75.9008,84.9352,False,0.11005917159763313,473,0.0,0.0,0.0,0.0,0.0,True,0.0,0
1252,720bc3f0677a75fb2f134420f7b0d7e6,4,3305,1.248,12.3255,29.7695,48.232,61.0909,False,0.4788986684721282,3248,1.1,6.9943,21.4329,36.8742,49.6872,False,0.514959202175884,3379
1253,e3bc0a03103cf84e7a471a654ffbc436,3,1673,5.098,36.2251,65.0187,76.8795,83.1681,False,0.384549356223176,1553,2.0952,13.2729,35.4148,64.5695,85.4081,False,0.3006774361646691,823
1254,ba45d6c491637dc5820018801b237b3d,6,727,5.9306,27.5888,43.0714,65.0408,77.6115,False,0.10369318181818182,827,2.0571,9.6759,16.1277,26.1731,41.9817,False,0.05995475113122172,210
1255,43c71ca7f9d3dceb8b0742c681b435de,6,698,7.0468,29.1612,49.2587,66.087,74.963,False,0.21624087591240876,635,3.8897,12.5714,23.2996,32.1935,44.0226,False,0.16149068322981366,237
1256,9e54053a1b16299153c5215ed09cc4b0,8,561,6.9324,34.4061,63.764,85.553,96.3658,False,0.25693160813308685,799,1.5758,6.6818,12.433,16.3099,22.2888,False,0.15102639296187684,224
1257,3a98a93f381ff5fb4b3c42e318f3affc,8,1860,2.8,14.6825,33.4224,50.3704,61.5246,False,0.24243421052631578,1917,2.2489,14.9993,32.1089,47.222,56.8787,False,0.4012345679012346,2226
1258,8c281caf626df58671a782a4379556c7,2,2048,4.8082,23.758,51.0568,68.7938,79.995,False,0.1594885598923284,1398,2.9967,19.0476,38.0662,51.3473,69.067,False,0.021225607668606643,935
1259,d107532567ee3f316663d1953862c637,6,499,9.4484,40.698,64.6143,79.6345,89.1761,False,0.2064935064935065,430,2.8387,8.1124,13.4622,18.6354,23.1146,False,0.0687732342007435,76
1260,9531ea3018e8bc70f81c330016997d42,1,1762,2.1,28.7478,69.6482,93.8932,99.2498,False,0.782967032967033,1483,5.5,33.2102,69.857,92.9652,99.2999,False,0.8142780461621041,1618
1261,c7da2d72f9927f1881dff5c2e57ad46e,1,683,4.998,21.1316,43.8248,63.2189,77.4684,False,0.5259481037924152,846,0.0,0.0,0.0,0.0,0.0,True,0.0,0
1262,63da17eda9d415b5319c5e90e9cc9126,3,1446,2.3489,25.3475,55.3231,75.0655,87.246,False,0.48955223880597015,1548,2.496,18.0331,42.7467,78.1534,93.8052,False,0.7002164502164502,1696
1263,9ad2ee3a38a3d0ce3b32c8e0ac22ac44,2,2825,2.6,13.9993,31.8405,46.4236,59.5041,False,0.23919849718221667,1133,2.3958,12.7256,28.0682,43.2623,58.6076,False,0.23412698412698413,1218
1264,6730fb4ca7c90ddccd8b2a7439d99cc3,1,664,4.7979,32.9668,60.3796,77.0042,86.2777,False,0.019543973941368076,901,6.0463,27.3076,51.734,70.8646,82.5941,False,0.020627062706270627,573
1265,cf662e6564c5c3c5ce60514f9a637ce,0,3953,1.3481,8.9475,24.3517,38.7959,53.414,False,0.6733094491715181,3520,1.1478,10.0976,22.9533,35.0891,46.9172,False,0.7211632453567938,3090
1266,f10263256eeb840b732c9e6120e90cf8,3,454,3.9342,16.9169,33.0497,46.4682,58.8309,False,0.0374414976599064,211,0.0,0.7917,2.4484,5.8983,9.6028,False,0.0,5
1267,49d4f5dc155b7b8a55f46d55537192b6,1,617,6.0397,27.2542,47.6148,62.384,72.3379,False,0.12795698924731183,432,0.3871,0.781,1.7506,2.8923,4.2094,False,0.012944983818770227,9
1268,e8c1417f4eec96d228a7992bee4d8cde,1,1074,2.6038,14.2748,29.2639,40.5364,47.8481,False,0.17844646606018194,610,0.0,0.0,0.0,0.0,0.0,True,0.0,0
1269,eabdb3aa920b216820b64028d2efc877,5,813,5.4955,37.4307,63.9775,77.3383,83.5449,False,0.03073463268365817,562,0.99,6.5893,11.2326,17.0478,27.0747,False,0.0020304568527918783,174
1270,a69c999cd76e29862f8c68dc62edc38,9,1423,3.4743,24.7499,50.613,70.6331,83.514,False,0.33497294638465325,1291,4.7453,36.9056,64.8886,75.3605,81.1616,False,0.39473684210526316,697
1271,28b605f55e21acffaf88fb4321b22872,5,554,1.5484,6.7407,12.48,22.0348,31.7153,False,0.10977242302543508,275,0.0,0.0,0.0,0.0,0.0,True,0.0,0
1272,99867a25638b6809b91b871e750ca615,3,4587,1.1917,10.2913,25.1964,39.0531,50.0847,False,0.628516512318714,4733,0.6,7.912,20.4764,35.2036,51.8735,False,0.5769017212659634,3933
1273,6e98c5d61e008b4c2871cc0b3cc1a485,8,1143,7.5947,36.8976,64.3738,79.65,88.8437,False,0.2952314165497896,704,4.4494,20.0213,34.2181,45.1627,59.1128,False,0.2565284178187404,493
1274,28bbb851dd01a162a5615d35d4766b93,1,992,3.5,24.7855,46.4525,61.1966,70.888,False,0.34535686876438987,761,3.1,21.2981,46.1374,60.491,68.0654,False,0.39232053422370616,676
1275,4ab439279e665e08410fc47639efb60,9,1137,3.1492,24.1407,50.8955,73.8271,85.6777,False,0.608564988730278,1004,5.7287,27.6174,50.846,68.1889,77.3594,False,0.42631140716069943,576
1276,6bff9667fa51178ce9930a50732a44eb,3,908,6.7467,24.2491,39.7796,53.2105,63.9404,False,0.1355181576616475,374,1.9512,7.3119,11.5039,17.1481,22.4166,False,0.033950617283950615,97
1277,d374912c3a9fca96c141a04b2a487fd9,3,691,6.2984,38.3629,69.1928,85.8013,93.8228,False,0.3774703557312253,703,1.6364,5.6842,15.1941,26.7621,37.4962,False,0.3187250996015936,302
1278,675c6c0c5c9a4a8a3bad033fffa5c327,0,994,4.3448,22.0363,45.1381,65.2886,77.366,False,0.31008801624915366,941,2.6038,10.9586,18.3274,25.319,31.8107,False,0.1247987117552335,403
1279,4f22f44c331ad407166390f4a0367453,7,732,1.248,6.6529,15.5094,24.4638,33.078,False,0.07749077490774908,1020,0.0,0.0,0.0,0.0,0.0,True,0.0,0
1280,24bbe7f32727901aa6fee8e2140acec9,5,724,7.5948,30.6679,56.6531,76.5787,88.4737,False,0.5891758917589176,568,1.7371,14.3344,24.9996,36.7363,48.6085,False,0.07367149758454106,165
1281,43a275d9bd008a64bb0085d0daabdaea,3,2424,3.2,21.0233,48.117,70.0108,84.0461,False,0.2855436081242533,1880,4.2494,22.4996,48.3633,69.937,82.7245,False,0.43628852875754687,2096
1282,e3479f55f5894bb3c7f1f7c0570e288d,0,914,6.4862,37.6782,70.2616,85.3567,93.65,False,0.0936026936026936,710,0.6875,3.0162,7.427,11.989,15.9679,False,0.0367170626349892,46
1283,u45c7b89f-d996-4c29-aecf-4b760d1fb2b6,5,326,0.1,5.4302,10.9266,18.9533,24.7997,False,0.012254901960784314,87,0.0,0.0,0.0,0.0,0.0,True,0.0,0
1284,b2ba1569509cdb439451566a8c6563ed,7,918,7.6987,35.1085,61.6828,75.8632,85.746,False,0.5896785109983079,961,2.3234,8.7957,14.0404,17.0824,22.0507,False,0.2079002079002079,244
1285,790d554d7f9b040299513f98ce033426,4,1471,3.2727,26.1239,58.3898,82.014,91.9397,False,0.42191635786130227,1215,5.1456,27.791,52.7689,73.1152,88.2644,False,0.37426556991774385,868
1286,1ad766f9e95ce308aa425ecb668e59de,5,3628,1.7,10.6441,31.174,57.2155,74.5516,False,0.4458198051948052,3497,0.8471,9.107,25.5895,43.1364,55.4722,False,0.26801851443685254,2125
1287,6be6173e7eea5888a616caf97d73fa02,7,712,5.5459,27.1541,47.1153,61.5985,72.2737,False,0.1442986881937437,422,0.0,0.0,0.0,0.0,0.0,True,0.0,0
1288,dac4af24e2facd7d3000ca4b04fcd6ac,0,1243,3.6,18.7952,41.674,55.0887,66.2357,False,0.16347501167678655,1248,1.7486,10.5653,20.5617,28.6611,35.7772,False,0.2927689594356261,956
1289,eab859ac65d47f4e6412cccabcef91eb,9,1018,4.1976,25.5859,48.2842,63.3678,75.257,False,0.5152416356877323,1020,6.3984,26.3759,49.0354,60.1868,68.6853,False,0.16961414790996784,437
1290,a11592a10d32207fd2c7b63cf34a2108,5,1090,5.3495,30.3958,57.46,76.2859,87.8055,False,0.25824175824175827,742,8.6864,29.6832,45.7858,54.9122,64.7482,False,0.06968641114982578,138
1291,a996cc501faa4ec841c6494d29fffa82,9,926,7.7471,35.5443,67.0437,84.1981,91.6721,False,0.1924557351809084,623,0.6476,2.018,4.2704,7.3118,10.8462,False,0.02545068928950159,41
1292,27574a49bb8055ace6fe3612af521500,6,481,7.2781,33.0797,56.6908,76.6569,88.8833,False,0.17520969245107176,780,1.4737,2.8587,5.5859,9.1902,12.297,False,0.011881188118811881,30
1293,3fdc09d3065fa3c524e7e8a625efb2a7,4,839,7.7949,38.2739,67.4667,82.5085,92.2272,False,0.3404255319148936,673,7.1497,28.0308,49.7425,64.7113,76.4094,False,0.27479338842975204,395
1294,20ead42180f1ba43ec7d59bee49bd15,5,1077,4.8495,23.8807,48.4952,65.9642,79.016,False,0.22370012091898428,947,0.0,0.0,0.0,0.0,0.0,False,0.0009285051067780873,1
1295,31423159297243ded65766fd3c4f994c,1,678,11.0775,33.911,50.4166,65.1397,80.3965,False,0.12402428447528187,618,4.2907,13.8082,23.3569,33.7042,47.8765,False,0.12078651685393259,120
1296,6a7050042fbc77d5635418e95eea8a17,7,1333,5.1981,30.9536,59.4405,78.7065,93.1296,False,0.18857758620689655,873,2.3625,7.6311,12.2756,18.5467,30.7818,False,0.07476635514018691,162
1297,93556cf01e19f638bf80985a99195eb8,7,798,6.9943,23.8369,44.7581,62.9358,77.8105,False,0.1967445152158528,893,0.9,5.0442,8.9175,11.544,18.1596,False,0.15087719298245614,186
1298,c46ed3a68dcef72039b07b3056a2842b,3,608,6.3859,25.6499,42.1467,52.9286,62.8731,False,0.05263157894736842,412,0.0,0.4615,4.8639,8.9143,12.8615,False,0.009538950715421303,27
1299,f215c608fe63e97d4aada2bcdc05aa43,5,676,4.8495,15.6809,36.7832,62.8733,80.2018,False,0.40631163708086787,750,4.1341,9.2921,14.6508,19.9618,25.6689,False,0.026470588235294117,22
1300,fe56059777b240bb833c6c72c4b62a4d,5,1750,2.4408,14.6116,33.457,48.8487,58.5496,False,0.43524313914299473,1231,0.3111,1.5469,4.2139,8.1503,12.3131,False,0.021714285714285714,38
1301,6ac7b2ef38226e3d26c2e61baa2a8130,6,799,6.1496,30.9304,52.7613,72.1267,83.2074,False,0.4005819592628516,645,3.0426,19.7347,38.3,56.3144,70.7933,False,0.08863198458574181,331
1302,8b52303e5ee47ac617ffa9a4ab48724c,7,2197,3.8494,18.4978,39.2349,55.5496,69.0439,False,0.08633879781420765,785,0.0,0.0,0.0,0.0,0.0,True,0.0,0
1303,b773f81e938f95ed65ba78ad9601cf1b,5,1024,3.3493,17.6316,33.0966,46.4592,54.5941,False,0.46221570066030815,969,3.8442,23.0476,38.239,48.9706,57.7084,False,0.2877247849882721,623
1304,f0b50b64918ef41b990561fc34164364,6,2392,2.8,14.8364,34.4162,56.8492,72.133,False,0.25925925925925924,2062,1.8486,11.4355,27.7748,41.1745,50.9875,False,0.33288227334235454,1548
1305,75acccc933a08ebd2afe8d5254a0d04,2,581,9.0956,44.2262,70.5199,83.7696,90.279,False,0.319672131147541,707,0.0,0.0,0.0,0.0,0.0,True,0.0,0
1306,76ee694df725b5b4664b3b9b23ddfcbc,7,955,7.0873,38.6788,65.5124,80.9984,87.887,False,0.10029850746268656,888,6.2,38.4873,64.9435,77.6428,88.1766,False,0.14234104046242774,626
1307,432138c30378b2a8e1b6c3a3e12d929a,9,3230,3.3433,19.6873,44.6288,64.4303,78.229,False,0.4822425731516641,3406,1.3,13.2272,29.9499,45.1201,60.7767,False,0.4192604416068103,2105
1308,44b317a5dc651210e76bc197b3a3ffc0,7,873,4.7,20.2054,35.6541,49.19,62.464,False,0.11052631578947368,604,1.6552,3.7309,7.1559,9.4894,12.0747,False,0.027995520716685332,45
1309,6dd44ada2f481c776dddf6f75fbd4a4c,7,933,5.9,31.4683,61.094,75.7183,84.5479,False,0.3570843570843571,724,1.5938,7.8352,16.7902,25.0302,39.0705,False,0.22131979695431472,270
1310,b65c3e0800f1c67cf70828d0af10edf3,3,1419,6.694,28.8,54.9737,69.6103,84.483,False,0.29021913415285944,995,4.6915,27.0941,47.8302,64.3223,73.3597,False,0.28533475026567484,1000
1311,3f60205b1eef5555a4bf007e7299d9cb,2,591,7.3415,40.0349,67.2171,83.8874,91.0224,False,0.10263929618768329,913,1.4069,13.3517,23.78,34.3126,45.5066,False,0.10767326732673267,304
1312,866aa287bde4cff9bfd324d8acaeb3f2,8,1642,5.985,32.375,68.5754,87.4189,96.4406,False,0.5658362989323843,1438,5.6982,34.8494,65.578,82.9835,90.999,False,0.5625,1308
1313,d6f2d44c693d2e857062f2d72cde5c95,9,772,7.8797,44.5107,73.5773,88.9625,95.2962,False,0.16708023159636062,639,1.7778,6.5118,11.751,23.0197,34.6247,False,0.19934994582881907,335
1314,5142e809212f8c314500047017815f5f,6,1436,4.5978,23.2765,43.4069,60.507,77.6844,False,0.7786937222574508,1369,4.1494,24.2326,46.8218,67.423,80.5809,False,0.5290322580645161,934
1315,d661b52c3763eec020768660cf080d12,6,1818,5.2381,22.8961,47.2226,70.0371,86.224,False,0.3243677238057005,1481,3.2492,17.8994,40.187,59.7671,73.9583,False,0.297190344281757,1460
1316,3f8d0d53e2bd74124b3c42e318f3affc,3,1179,3.4435,24.4082,52.9998,74.309,86.2945,False,0.191079295154185,984,2.3234,10.8,17.6538,27.3776,36.4871,False,0.09452363090772693,280
1317,12f4d8c20ef311d988dcbe86402c7c15,9,3112,2.2957,16.5317,39.8394,59.9744,74.5528,False,0.2286513228651323,2600,2.0488,15.8498,38.0697,63.2658,82.6664,False,0.24082198106672822,2262
1318,9db73a6184c82d33f28699debac30ad6,4,3060,2.8421,16.5904,40.2979,64.6496,80.1842,False,0.11824184894758563,2359,3.3493,19.9218,39.086,59.4658,75.3694,False,0.17828077314343846,1573
1319,1f82011c2303fc7babb8f41baefc4b12,6,497,1.1304,11.7028,30.2652,47.6627,64.528,False,0.024165707710011506,393,0.0,0.0,0.0,0.0,0.0,True,0.0,0
1320,e2ced471afce616454bfa32aa0766acb,2,1158,7.1413,37.8947,72.3674,92.3567,98.8964,False,0.5895225464190982,1239,3.0426,25.9491,69.3533,87.4225,97.1917,False,0.4264705882352941,1170
1321,1e4fb9149de6be81f51f77a6d7299806,8,893,4.8,26.8007,48.16,62.2482,70.9593,False,0.9766666666666667,886,7.9346,30.0039,53.3717,69.9989,79.2345,False,0.5032119914346895,511
1322,aa93247a7fa69991e074517a246f1e65,6,781,3.5493,21.7188,41.7632,58.3584,70.9504,False,0.24264178033022255,950,3.5676,12.2693,21.1365,32.639,43.71,False,0.05113636363636364,144
1323,d85b661f2c9345f819fb4103277a6b93,7,4762,1.7,7.8797,20.474,37.4942,55.2864,False,0.6579040852575488,4572,1.8378,9.4434,26.2156,40.5777,54.631,False,0.587434750186428,3753
1324,5ce845f80b1d407282dde982679cd879,7,1098,8.5988,33.2229,55.739,70.9523,80.9981,False,0.09702970297029703,564,0.0,0.0,0.0,0.3814,1.3222,False,0.0,14
1325,25871aa50531fbfc741e88434245c899,9,3113,0.4,10.5,27.4171,41.9683,54.6803,False,0.2709302325581395,2352,2.8281,20.16,49.8739,71.4113,82.2435,False,0.4802615036459643,2774
1326,4019ee7cc7cc5f9e74dc49346c29fd4d,7,764,2.3404,9.9854,18.7218,25.0202,31.5,False,0.05105105105105105,286,0.0,0.0,0.0,0.0,0.0,True,0.0,0
1327,8f70be87d6eeefdf213c3458a0fe5598,3,575,9.0497,39.9616,65.0881,78.3474,88.1874,False,0.07682619647355164,280,0.0,0.0,0.0,0.0,0.0,True,0.0,0
1328,2060f4d31feb73dd7762ba3a489df006,2,1792,1.7486,13.9886,29.6946,43.2852,55.1463,False,0.24856003544528135,1026,1.6485,15.3644,38.842,59.2485,73.9483,False,0.3090909090909091,1160
1329,f347f2a3d85c9a823fa92d98173c06f,6,1820,3.3,24.1934,53.5327,77.633,92.7651,False,0.2357626443647949,1283,3.071,17.4764,48.5469,67.7911,76.8342,False,0.10646211064621107,560
1330,5f30af30db19dd23afd330d4b2aa45c9,5,838,5.2495,25.5217,55.4984,75.5173,87.4707,False,0.22738853503184714,1089,3.1969,21.9982,41.4375,57.7677,71.3208,False,0.17962264150943397,725
1331,fbd890f1f0280b884b47ef9f38e7ab27,9,1483,8.1951,34.7006,63.2348,85.222,96.9147,False,0.3825503355704698,989,13.9197,51.8983,81.9475,93.6871,97.534,False,0.4121212121212121,614
1332,4a9ac9e0b3a804bc8fb952c92850e1dc,0,1183,4.9253,22.541,42.8074,58.4082,70.8491,False,0.05272206303724929,654,3.75,10.5612,16.1109,21.778,26.2727,False,0.009456264775413711,98
1333,bfc6b2328c9c12bf283b00891f680579,7,1923,1.8947,11.879,29.0448,43.1244,51.6035,False,0.11046990931574609,771,2.5,15.1652,29.3975,38.5171,48.2056,False,0.0984251968503937,309
1334,c1d4fcbf5bb6ad11c5beea20858a99d5,7,408,7.2221,28.6069,49.8278,68.0898,79.2589,False,0.12163892445582586,468,0.0,0.0,0.0,0.0,0.0,False,0.0024449877750611247,2
1335,3dc79f23cd284bd8ece416489129c313,8,879,4.8082,31.3016,62.1757,78.4876,89.039,False,0.39428076256499134,730,2.97,9.871,15.5609,21.2728,25.7756,False,0.04149377593360996,125
1336,9e519ddc82bb9417813635269a32e293,8,653,8.3257,32.5174,54.339,68.2199,78.2347,False,0.32139303482587067,675,8.0,33.283,56.371,71.4069,79.2297,False,0.22366522366522368,195
1337,8b4b176d9393676d5e1f306d831137e1,9,875,5.0495,25.2781,51.6773,69.2698,82.6183,False,0.15821347464042393,655,0.3333,1.9604,3.3021,5.0323,7.1867,False,0.015748031496062992,28
1338,3d66c60796d59662ea693790a1608aab,5,733,3.5493,24.1232,44.566,63.5117,78.1655,False,0.35288552507095555,697,1.8162,7.2553,14.9498,25.44,37.1906,False,0.17256637168141592,327
1339,5d3060a3470d853dfebad4f49b26ec52,3,1658,3.2431,22.7182,51.734,77.0199,88.5541,False,0.5421028675466545,1730,7.3333,30.6948,55.1131,69.2986,76.9678,False,0.27622673434856176,1359
1340,8a9af7d8a83d90fcd53e36731300f5b4,5,1145,2.7,14.9868,33.61,47.9816,60.775,False,0.033387622149837134,1393,1.5938,9.5354,18.6475,26.0443,34.6194,False,0.016414970453053186,403
1341,695a02a5620aae6e78eec18a8a3356a2,7,2093,1.0476,6.6045,17.68,28.9875,41.488,False,0.2765915381573745,4364,2.1488,12.7719,31.0279,45.8573,58.0489,False,0.25356004250797026,3805
1342,fdac1f9c0b030841c8687ff9b0b4e4ac,1,1365,5.6283,32.8947,72.1283,94.0973,98.848,False,0.8156911581569116,1551,9.7477,51.5461,83.897,96.9974,99.7494,False,0.751754945756222,1380
1343,6731a24561fe44839b92627dbcf8ae26,5,1007,15.7842,52.6315,80.4649,90.2988,95.4999,False,0.1547433903576983,478,0.6429,2.4686,4.4185,8.5718,12.7654,False,0.0687984496124031,96
1344,df84087fe057385019e48122ff512ea5,6,2524,3.297,18.9995,42.4962,64.1737,78.8897,False,0.5735754539762054,2502,2.7,18.4665,48.2675,72.1366,84.2314,False,0.41941325606664254,1395
1345,c29f439d92c7ae8d6d26324fae5ec3af,1,1410,2.0,17.1907,53.298,77.8613,93.1759,False,0.5496861924686193,1553,9.1497,46.1965,75.0473,88.5398,95.1731,False,0.5975994946304485,1119
1346,fa0e922a339bc7dfeb9a9ca952f63e23,4,821,4.7812,21.0,42.2825,58.7157,70.8198,False,0.1776406035665295,896,4.3516,13.1695,20.067,24.9324,29.9806,False,0.0033003300330033004,91
1347,671d51da473849c7369a4f66bf103682,7,2601,3.0492,25.3996,52.5778,74.1741,87.3435,False,0.747289972899729,2557,6.8986,31.327,58.5247,75.9947,85.6182,False,0.636026936026936,2258
1348,5752f7caf0dbbe4d94210977e5394f26,6,1877,5.2114,25.6452,48.7352,66.4615,77.2191,False,0.342891760904685,1448,4.5494,25.4434,48.3675,65.0444,77.4423,False,0.19442198868229588,1078
1349,8e581e01a8b742214e3003b3c5dcc179,0,785,2.0,11.386,24.297,34.1766,44.4605,False,0.16666666666666666,776,4.3656,14.2092,24.2498,36.5594,46.5235,False,0.058465286236297195,84
1350,ced9c5eee916cce089c398a8a379054a,7,491,7.3745,31.5106,53.5355,69.6863,77.5135,False,0.38873994638069703,545,0.0,0.0,0.0,0.0,0.0,False,0.016293279022403257,8
1351,5d959b0f79a22e8c67c9124d122355ab,2,970,8.6428,36.9308,63.3961,79.057,90.5996,False,0.1496924128503076,712,1.8378,8.0656,11.7818,14.7495,17.9163,False,0.0912621359223301,154
1352,59fa70f195fd4ac6ae8c9d3b8c4b9bc3,4,4668,2.4245,13.9993,32.9318,50.8668,69.4249,False,0.6529477196885428,4248,2.8966,16.1383,34.8495,53.551,68.2364,False,0.44844124700239807,2580
1353,7710ecf956701938b40f0ac0fb9a650d,3,1022,6.0,31.5797,66.4272,89.1231,96.9426,False,0.4093226511289148,913,3.3529,8.6124,18.0665,29.7515,37.2443,False,0.21926605504587157,307
1354,bd0918d75e22cbf9febad4f49b26ec52,8,3546,4.1494,22.5558,49.2012,71.3494,83.9475,False,0.3429566948730712,1850,4.7495,24.1573,48.663,66.8781,77.7006,False,0.26274403470715835,1111
1355,49a60133d6b05b8d19fb4103277a6b93,5,4202,2.6415,12.4255,32.1065,51.2572,65.7643,False,0.5523012552301255,3589,2.0488,12.0,29.785,43.9487,60.4532,False,0.5876245847176079,3444
1356,108b9cb292fd811cf51f77a6d7299806,3,322,5.6559,22.7807,39.0555,51.6933,66.3301,False,0.05573248407643312,341,1.5632,3.1562,6.5081,10.9633,17.6188,False,0.002770083102493075,40
1357,b6de66042941f5691301e24e9e27a9c3,9,1283,2.8,14.375,29.8163,42.2244,49.9837,False,0.07737594617325484,1279,2.5654,14.4092,28.1855,42.038,50.8293,False,0.08767123287671233,702
1358,fe53dcce9a30c5b5348fedb5a291187e,0,5015,0.9,10.1912,29.1969,54.9216,74.4906,False,0.5226581508515815,4998,1.5,12.7341,33.5721,58.0378,74.9743,False,0.7470193740685543,4363
1359,eb1d92be1e6bd84c4d9a43d557cf49de,7,1128,4.3494,28.3873,52.0222,71.1927,82.55,False,0.24561403508771928,718,0.0,0.0,0.0,0.0,0.0,True,0.0,0
1360,3aee7c282063723d8a17805dbfb751e2,3,3803,0.8471,13.4933,34.0603,53.7994,68.278,False,0.4020690864457303,4193,4.998,28.4478,59.4716,78.5016,87.4543,False,0.4904576236404679,3460
1361,3c786ff99885e95c685d4893e4ba8951,1,2276,2.8966,16.832,38.8883,57.5193,72.1203,False,0.4500310366232154,2396,1.5484,13.7484,36.4605,67.8434,85.197,False,0.5102790014684288,1838
1362,32f007e84efcb9d12cba66dc6aeabcd4,0,617,2.0488,9.3298,17.7509,25.471,33.1186,False,0.3273542600896861,567,1.9505,5.3709,8.6155,13.4638,16.9222,False,0.011093502377179081,21
1363,f913501826c588e89753496ba23f2183,3,1065,2.5412,16.0825,31.3847,50.1575,70.1466,False,0.23773173391494,1205,4.0902,18.0342,34.8467,48.3279,65.3346,False,0.3022875816993464,1326
1364,9570ea7fa3a0ef775436c76691cf3d3,2,1334,4.9,22.1239,47.5237,67.4741,80.698,False,0.34821967410983706,900,4.1786,23.6924,47.3336,65.3021,77.5839,False,0.2700684505289359,707
1365,1a6f615e8b1b5ae4dbbc9440457e303e,7,1053,4.5978,23.4414,56.4439,83.737,96.4106,False,0.39918533604887985,1008,9.629,41.5395,64.5715,78.4139,83.0363,False,0.38388214904679374,544
1366,86199aed92fa1f68fd60059ad8523f1a,8,2315,3.3971,18.9742,40.4204,56.8165,69.5181,False,0.4204267226302903,1746,3.3971,20.4659,45.3253,69.1947,81.8754,False,0.3292873923257635,1080
1367,d38129a3301d31350b1fc43ca5e85e,6,2117,5.2114,32.7499,65.4449,88.7404,97.8876,False,0.6780287474332649,1969,7.1,40.4494,73.0319,92.7439,99.2,False,0.7722640673460346,1883
1368,c1a0882e6e8f8b082b722fc42ccb4c6a,3,823,7.9472,40.629,63.8133,76.865,87.872,False,0.2838541666666667,656,3.12,8.1553,12.0312,16.1876,18.8857,False,0.09080188679245282,102
1369,8f248770aa0b4d41e6fe3612af521500,9,2376,2.1,15.3584,34.9359,56.9207,70.8191,False,0.5080671715508726,2204,2.8491,17.9444,39.2156,56.2047,68.2047,False,0.3887147335423197,2054
1370,6621723f7af35f2dcd344c2b2cefcda6,9,550,4.6915,26.2275,41.6053,53.0852,68.0446,False,0.016642547033285094,855,6.5939,31.8046,46.9567,57.4374,68.5307,False,0.007963594994311717,336
1371,3f12570d87da2383492664434c74d812,6,1132,4.1786,22.7132,44.3368,61.2519,69.2697,False,0.1725584182144997,825,1.9487,7.595,11.4342,14.0914,20.0547,False,0.011904761904761904,228
1372,6eebd118abb1b4146d60aef5fe7e2185,1,4545,1.8947,15.4768,37.1445,57.85,73.4951,False,0.39039314670338077,4544,3.8494,20.8781,43.8783,63.7699,76.3303,False,0.3258894193747112,4064
1373,3aaa59b19eebcb5f41552c6ecbda964b,0,980,8.3425,32.8973,67.5999,92.0947,99.5494,False,0.8085291557876414,1098,8.2952,35.5596,68.3227,88.3959,98.2498,False,0.7462932454695222,1140
1374,9bdb034f30c404edba1028cd22cb8779,0,889,4.5913,25.2277,47.419,69.6714,84.275,False,0.20340236686390534,738,3.4319,18.5791,40.7514,58.5503,70.8177,False,0.2089009990917348,442
1375,44aed693950b077d4f9691cdd5f8749,0,1310,3.7493,21.8499,43.7979,68.7872,83.6462,False,0.4756756756756757,1693,4.8,29.9987,58.9276,76.8,86.8999,False,0.49969604863221884,1157
1376,56f9ae090d2fe856ad5067eac75a07f7,7,614,5.5135,26.7875,46.6247,64.3127,74.2966,False,0.040457343887423045,569,0.0,0.0,0.0,0.0,0.0,True,0.0,0
1377,1b83311557e48d6328145ddc1e2c18e1,2,634,6.2496,24.4318,42.898,56.7075,69.647,False,0.13593882752761258,703,3.8562,8.8888,14.5374,18.0646,22.2375,False,0.0,21
1378,31fc10f348cdd2f77f754cef9da1323a,0,1450,3.0968,17.1867,33.6975,53.8678,68.47,False,0.39791415964701166,2035,3.7333,19.0743,40.5747,63.5478,77.0775,False,0.5067287784679089,1461
1379,260768554aa1a64f2180a9964be89fad,4,925,3.3735,19.4954,49.0353,73.9836,87.5465,False,0.4903914590747331,1169,3.3735,20.0878,33.9728,46.2312,57.0726,False,0.13955637707948243,308
1380,2a6b8437623a374e504721639e19f609,9,2181,2.3958,13.5839,33.3321,46.6363,57.9775,False,0.3664085188770571,3465,3.1969,17.9331,38.4612,54.2874,64.8046,False,0.33361344537815124,2580
1381,5e706e87ca60bd19ecb01bc908e8cea6,9,1423,5.1495,40.5322,79.8595,96.7425,99.6996,False,0.7697241821680565,1336,8.0497,44.0998,81.0792,94.7822,99.3457,False,0.6036269430051814,1053
1382,9910380fedce395e80165d5b901b6e64,6,3633,1.7143,9.1728,28.8997,54.8317,69.4481,False,0.594822006472492,3759,1.4933,16.8487,41.0523,66.5739,78.8815,False,0.7062818336162988,3402
1383,2f0318b23d899a84493f17f4fe9b9eb2,1,609,7.1653,32.905,55.6528,71.2674,80.2913,False,0.12943262411347517,665,2.8131,10.5457,16.9853,21.6653,25.0387,False,0.11463046757164404,130
1384,58ad100d70e436bece93f2bb0b6d036,4,1227,5.5982,25.6281,52.9727,77.5265,94.2996,False,0.974817221770918,1204,4.7368,25.0417,48.6876,65.723,75.3135,False,0.5167958656330749,1121
1385,4a9d3ce54c09a2da696b74614952b2d0,2,590,7.3784,27.9318,50.9323,66.606,78.4965,False,0.10978260869565218,431,6.3438,27.1164,37.2178,43.8964,49.6036,False,0.005494505494505495,142
1386,4b3ddc244c521f5c6a9ab6fc87e1604e,9,1326,1.6364,9.8636,25.0857,44.9358,60.0347,False,0.07386112339672711,1102,2.4408,7.5819,12.6857,16.0021,19.3115,False,0.0796398891966759,233
1387,6b91f4fb8cdcd6f46fe24f5659031935,1,1383,1.5,9.6373,20.0988,32.7661,41.0315,False,0.21322690992018245,2873,2.1818,8.5751,16.9559,24.5187,32.2431,False,0.06179775280898876,318
1388,f6810de4042cc5ce57bd4bc6eae9b341,9,661,6.3938,29.2149,50.5145,63.7061,77.3366,False,0.13717421124828533,997,4.1,20.2732,43.3942,61.6989,73.05,False,0.15223097112860892,656
1389,6ad7e3a8e6f3ed1dd068cfb43a81fc7,0,2435,4.3448,20.6957,44.2958,66.6283,80.0246,False,0.5482747704969927,2456,2.7964,21.1321,48.7288,66.9507,78.8398,False,0.5291022689904636,2215
1390,a6009749fd05fed82d19175e7d19b7cb,1,1637,3.0426,18.8571,39.919,58.7849,71.3059,False,0.14421720733427362,1608,5.9496,25.1451,42.16,59.7202,74.1229,False,0.2715381145692377,1182
1391,877391ca125a5ad07a56985e287037f3,2,599,6.4403,35.3762,53.3443,68.5255,77.5142,False,0.3859223300970874,543,1.0286,4.6593,10.4221,20.7983,29.8189,False,0.14108527131782947,137
1392,5c95a378674a05b313236fa00fce09e4,4,1486,1.995,15.653,38.128,53.9522,67.8893,False,0.1768770152003685,1069,8.4988,34.4906,54.6913,66.0865,76.1894,False,0.1543942992874109,458
1393,8757370fa33bc4e9419786e9c37fabbe,6,3717,1.7944,13.7193,34.5199,53.7203,72.7701,False,0.3169867611411523,3346,2.3489,13.9286,34.953,58.793,74.8757,False,0.5445998071359691,2690
1394,c520bc9dde7c0a19d2afe8d5254a0d04,6,4184,2.9867,16.0845,35.42,53.1463,64.2569,False,0.19806152549515382,1502,2.2489,14.1824,32.5223,53.1394,65.0131,False,0.3787878787878788,2641
1395,e5f381dd81cca6a36a348179d243c2c5,1,3849,1.6941,14.7831,35.3986,54.6258,72.4249,False,0.2771289021023572,2165,1.7944,10.7386,23.6108,39.1336,52.5788,False,0.6594186312657359,3401
1396,1d1b37ce6d72d7855096c0dd2594842a,1,913,5.5496,33.2132,61.8831,74.9127,83.046,False,0.1194331983805668,746,7.1944,24.4533,38.7505,52.6505,65.4361,False,0.1026677445432498,451
1397,29876b641047897f9bbef973cc1034f9,1,1139,4.2907,27.2373,61.8227,80.6931,91.9537,False,0.10812236286919831,962,5.1927,19.8642,35.1339,46.368,54.0,False,0.026916802610114192,120
1398,c06a8f95fc273106b0f4a0d43d1e4c23,5,696,5.6283,27.6515,53.4331,71.177,85.395,False,0.28666035950804164,664,4.6214,10.4173,16.2335,22.6521,29.1824,False,0.07193229901269393,64
1399,5b5d0af8426e604df1783a44a88d6274,8,1396,4.6495,24.0629,47.2963,64.9844,74.5321,False,0.23964803312629399,999,4.3636,22.9635,41.6853,56.6444,67.1673,False,0.19988031119090366,609
1400,4171071eb30dcb412dd4967de4160123,2,3109,2.7491,19.1436,41.4846,58.3188,71.5261,False,0.5662650602409639,2221,3.9443,23.4344,44.4026,62.2588,74.0367,False,0.43045343137254904,1560
1401,63d45791c56483bb2662409120160a57,7,882,5.4495,25.7383,44.3251,57.7774,67.62,False,0.18567389255419417,376,1.4069,3.7603,10.6601,18.2699,28.4739,False,0.08641975308641975,86
1402,b67aacec8e98edded0b19424de5f7fe4,9,1173,3.5972,26.3705,65.835,94.8868,99.2975,False,0.7671439336850038,1172,8.0348,44.7693,79.8859,92.6535,96.9133,False,0.3211567732115677,563
1403,85d0d147adcb6318b8e1b99345a5afd4,5,591,4.8082,26.6207,50.4283,67.175,80.9165,False,0.09090909090909091,465,1.7417,3.3357,5.4475,6.9498,10.4265,False,0.0,5
1404,34722e50142652e53a5e6305a3a7adee,1,686,7.4347,30.5329,50.4532,64.8277,78.062,False,0.22154471544715448,516,0.0,0.0,0.0,0.0,0.0,False,0.002911208151382824,3
1405,69314c01e2b6ef2a95a4f7ae0be930ac,6,2558,3.4,22.2409,49.3185,70.451,83.7348,False,0.4143389199255121,1999,4.3909,23.9583,50.7026,75.8314,86.334,False,0.32917271407837445,2021
1406,113016635d554d5171fb733891076ecf,2,663,5.4554,29.8658,53.1289,64.1663,72.2324,False,0.35868448098663924,659,1.995,6.5074,10.9248,16.2334,20.8191,False,0.026881720430107527,101
1407,3e427b76d051cb9ccdea755aedb6e3f3,1,1120,3.8974,18.5631,35.6466,51.9038,64.0956,False,0.02807486631016043,418,0.0,0.0,0.0,0.0,0.0,True,0.0,0
1408,6caccdad9f8d4f0a7f1cdfc0a8f38f2e,7,798,6.5985,35.1744,58.6374,74.668,86.5937,False,0.23990107172300082,706,2.3673,10.0861,16.0294,23.9172,33.2762,False,0.25752508361204013,330
1409,2a1124c7deb11176af42602f1636bd9,0,829,2.2489,13.2937,25.8034,34.5688,39.2349,False,0.11206896551724138,332,0.7652,1.9578,2.3604,2.952,5.258,False,0.0024009603841536613,6
1410,c05ed12b1bb79ef6d8e8a8a207ee5bd2,4,3468,1.7371,16.1498,38.7936,64.2986,81.05,False,0.3595602500538909,2839,3.1875,22.5474,51.706,71.2929,81.4566,False,0.39223529411764707,2449
1411,d7e4851fb3001a10f652f706160dc96d,1,3268,1.7486,14.7993,34.9499,53.5288,69.052,False,0.4593996062992126,2663,3.7974,22.3136,47.3355,68.31,83.6544,False,0.5307371349095966,2235
1412,3d3b7f63f5525b1ae37f5a622d383617,7,907,7.0775,29.0458,51.4135,67.8033,83.4489,False,0.31339285714285714,564,2.3489,11.8498,17.0487,21.4471,25.6491,False,0.19875776397515527,251
1413,1bdf0a0bb9db1db68998b3b64a143d42,7,1378,1.7,16.6476,33.4713,49.0564,62.8467,False,0.11687763713080168,1269,1.7111,7.8983,12.6,14.7,16.843,False,0.04420629604822505,181
1414,2c2a5f5a8931fa0822f0b32ec619eee6,2,3160,2.1,12.3,29.5338,44.5488,57.6884,False,0.5702871949902829,4112,1.6941,9.6531,24.1628,37.9906,50.2475,False,0.4601684717208183,2907
1415,8e853d5bb145c11486c701087a194026,8,2741,2.039,15.3303,31.9633,47.2685,60.9171,False,0.36616343158399234,2960,0.8889,9.1,23.8363,41.6129,60.4527,False,0.3019240256536754,2537
1416,a7154b3c2b2a0641a9fe1734a6086750,1,882,7.2414,31.9193,53.6148,67.5997,73.0557,False,0.2524193548387097,671,0.0,0.3986,0.7968,1.5873,3.7291,False,0.0022675736961451248,2
1417,4602fbcc465603882aca5d156344f8d3,5,839,1.4933,6.7868,12.3255,17.0499,23.1716,False,0.0514018691588785,286,0.0,0.0,0.0,0.0,0.0,True,0.0,0
1418,420ca6eac51267538a2d6a427829a3,0,2403,2.7418,13.8412,31.7798,48.7483,63.0197,False,0.3045487715884213,2960,2.0,10.4383,27.1535,46.3761,62.7642,False,0.398406374501992,2862
1419,89b05900bf1df4d8c8687ff9b0b4e4ac,9,1657,6.8409,33.9988,64.5498,83.8656,94.236,False,0.7660642570281124,1861,10.3962,50.4873,84.1829,97.0364,99.6494,False,0.7025246981339188,1445
1420,ff143c09dbfb0e8029e513fd785f7886,6,1435,5.2495,33.4784,63.2282,83.1174,94.8873,False,0.3465298142717498,1320,3.6973,19.0278,41.939,63.0062,80.4094,False,0.43073047858942065,837
1421,d1b03eeb33fd441d8189e5e3786f2290,0,718,5.2495,26.3823,45.4172,58.4933,70.7104,False,0.10902527075812274,818,0.0,0.0,0.0,0.0,0.2,False,0.03050397877984085,59
1422,50faa1777b012058492d9da2668ec34c,3,1148,6.8496,39.0261,71.4516,90.2663,97.8469,False,0.28045977011494255,1080,2.6,17.0274,36.7599,62.6142,76.7334,False,0.33434190620272314,616
1423,d4d7607336810a548b95c9b52cba3b9d,7,1001,4.6979,20.6918,40.8019,54.489,64.1026,False,0.36294608959757024,794,8.4988,41.5846,75.1852,91.4263,96.3193,False,0.32512733446519526,560
1424,d04a1ec4ac9de6d6eab55e294b4eea02,0,1034,4.3356,24.4507,46.2165,62.7907,76.4999,False,0.422275641025641,741,3.8382,16.1997,26.7702,35.5723,39.5678,False,0.01777362020579981,54
1425,2edba114d2e9454295bea7c29e873d16,5,1966,3.1492,19.5816,49.1088,71.3208,82.8103,False,0.3159161223788243,1862,0.8471,3.9325,8.8221,17.8705,31.8044,False,0.19492337164750959,529
1426,42e1e9b71b87787fc8687ff9b0b4e4ac,1,363,3.3,18.4346,31.4902,38.2502,44.504,False,0.02708803611738149,547,0.9805,2.3686,3.5362,6.2016,8.6124,False,0.0,1
1427,eda92b7bd76d8bb0b083574fdbdf0a98,0,1071,3.3433,17.4478,31.6396,40.9555,50.6124,False,0.2621747831887925,821,7.2725,20.8642,31.6884,38.1194,44.9053,False,0.017128874388254486,176
1428,95ff15679bc2d2bfab41e4eb455c2269,8,1408,6.6496,36.8469,70.6893,86.9224,95.2794,False,0.24438356164383562,863,1.152,2.9795,6.6026,9.8615,13.5925,False,0.058823529411764705,104
1429,557542994c02cffce83221ad0d21775,1,3718,1.4483,14.1102,31.762,53.3579,74.1256,False,0.7971182895654195,4015,1.6485,13.4757,39.775,62.3652,75.117,False,0.5689401888772297,3758
1430,da443e90e376b024b0f7e9a1c9f6c90f,4,1064,1.8486,14.3359,37.7596,55.6384,69.7441,False,0.1986466892218463,1416,3.1492,21.1925,42.0426,57.0726,69.85,False,0.1912936848559166,879
1431,fc5f813d499cfd84d540c52e6ddbbebc,8,3650,1.7,11.2858,28.8187,50.3652,68.5192,False,0.6026353716285773,4134,3.5493,19.0684,44.5369,67.9765,82.2727,False,0.536353591160221,3302
1432,a54a6ee9263bc1eaf4b6538438a0b930,7,871,6.4403,28.1036,47.0858,61.783,73.9183,False,0.2568064753495217,837,6.5,30.5882,54.6318,69.8439,78.6154,False,0.14775910364145659,768
1433,c8cb59cef2f091e78a44b4d4aac56cc,1,1326,3.3735,25.5859,51.7198,73.7653,87.1835,False,0.41457023060796644,1373,6.24,33.17,62.859,78.9954,88.608,False,0.486748545572075,974
1434,9a3a80065f75e33d822e11aea23332c0,0,4334,2.0488,14.1102,33.8148,54.5067,67.263,False,0.5284461854131692,3860,4.3977,22.9996,47.122,64.4469,78.4674,False,0.7638453500522466,4106
1435,2592e69aaa2344292463e74275a0e3c,4,1412,4.0976,30.7675,64.5738,81.2723,93.8692,False,0.470846394984326,934,5.8393,17.5328,27.3279,34.9599,42.4014,False,0.3339805825242718,649
1436,1b8e84935fdc3ec82be289de70e8db31,5,886,4.5451,23.4762,47.9823,71.7231,85.8884,False,0.3910931174089069,832,6.2937,22.1124,34.4276,44.8271,56.4806,False,0.2381422924901186,367
1437,27317a0db349369c8b74e4684f0d409d,3,1093,5.3458,32.0324,59.8993,75.8022,83.6996,False,0.12115732368896925,767,5.1,30.2982,53.2632,68.6418,77.9744,False,0.14418316831683167,756
1438,d0fa70e45dee680fa45b742ddc5add59,7,960,6.9468,30.8656,57.1651,75.3543,87.2185,False,0.29572271386430676,797,1.1143,2.8886,4.0615,6.1391,8.7454,False,0.00933609958506224,13
1439,8f2cc8ff68f3208ec935dd3bb5739fc,8,906,5.0495,22.7449,35.7387,47.6814,56.1067,False,0.05657093124456049,308,0.0,0.0,0.0,0.0,0.0,True,0.0,0
1440,781677297ef4db1ab0b54dd2cf2a35d4,3,1190,4.3494,29.5431,59.139,82.9854,97.0498,False,0.44537815126050423,1218,3.1969,18.4488,40.7514,57.3172,71.5261,False,0.25833333333333336,773
1441,dfd7e14d25b81c1db5d9b03636b8bad3,9,1821,1.248,14.2937,31.3987,50.6663,64.242,False,0.2702906757266893,1544,5.8932,27.8642,54.8368,75.4967,86.586,False,0.30726256983240224,1221
1442,a07f62023d3784839aab0d90d6455f4a,0,941,5.1827,32.0907,65.6149,83.0099,94.4145,False,0.2069182389937107,978,7.5338,36.521,59.2226,74.0442,84.243,False,0.10194174757281553,421
1443,57406cae1c2978b40c306db1f141b05,3,1961,3.0968,13.6698,32.678,49.4927,64.1601,False,0.24740556247405562,1044,0.5714,2.275,3.3107,6.0637,10.6017,False,0.022357723577235773,51
1444,ca05bd1afb0ffeaf6b9a484dedfb7d25,2,1038,7.3946,43.3563,75.2544,92.2958,96.1728,False,0.5114443567482242,877,8.0124,28.903,47.1768,60.1782,68.64,False,0.13853211009174313,203
1445,929ab79b4f45f747e6fe3612af521500,3,1605,3.4,17.7183,39.6669,59.3056,72.533,False,0.4561562925942753,1600,6.4754,30.2049,56.1727,72.3254,84.2115,False,0.3335195530726257,782
1446,2dca240a3726c004a83826e22c7812a6,5,1541,4.1905,26.1023,54.0655,77.0263,90.2937,False,0.3323308270676692,1117,4.8918,26.6602,53.5974,68.5098,77.9856,False,0.41559238796807857,765
1447,acbc30795b9826ec283b00891f680579,1,1667,2.0488,15.5421,41.5998,65.6722,83.9264,False,0.6322250639386189,1524,3.7974,22.1117,45.7716,63.347,77.1611,False,0.4150622876557191,832
1448,3466b6ecd040e252c215f685ba622927,6,729,7.1944,30.9521,54.0079,67.2143,76.8566,False,0.1610294117647059,850,2.9492,11.1562,24.5644,38.5303,50.0913,False,0.125,351
1449,f891816329ecee93774476b2e205b9b7,1,631,11.3921,41.1475,62.108,75.7594,84.3002,False,0.12032085561497326,626,4.2213,12.2932,21.7229,31.1875,46.4154,False,0.012893982808022923,76
1450,37235898ebd06b3b504721639e19f609,8,1275,5.283,26.0352,52.1351,72.1003,83.6091,False,0.04543303360151443,934,0.8889,3.6256,5.7491,8.5165,11.4211,False,0.06599378881987578,98
