dataset_idx,model_id,view_idx,class,three_class_F1@0.01,three_class_F1@0.02,three_class_F1@0.03,three_class_F1@0.04,three_class_F1@0.05,three_class_empty
773,c04660caf4670baed40fb6f8053555de,2,chair,3.7,22.9316,50.3778,74.4167,86.1561,False
774,474b82a849e5064fa9dea4db53ba3dd,4,chair,0.0,0.15,1.7232,4.0301,6.9061,False
775,8bb332c5afe67f8d917b96045c9b6dea,7,chair,2.3,14.6485,32.4988,54.506,71.3111,False
776,b1adda06d8846afcb96f0049223adf04,7,chair,2.6764,9.2,19.3703,29.9031,35.076,False
777,831ca4306245810435836c728d324152,3,chair,3.4971,21.4785,57.1139,77.9629,86.5232,False
778,c86cfe147872280463626070a93463cf,0,chair,1.4847,3.4656,6.3491,8.7695,11.665,False
779,88a7740602eb0d59cd431573238602d,9,chair,4.4854,14.888,22.5352,31.8639,41.245,False
780,9ab18a33335373b2659dda512294c744,3,chair,0.0,0.0,0.0,0.0,0.0,True
781,cc25ba35b3f6e8d3d064b65ccd89778c,3,chair,2.0172,4.4173,8.6766,11.4301,15.2619,False
782,99996ded94b8bf974cddca4ca9fe5080,1,chair,0.3833,1.1611,3.2129,6.0851,11.4381,False
783,7f70642500b9a3ce45881d7eab1353ba,8,chair,3.9665,9.8459,13.7469,17.8506,22.695,False
784,d990c996a67bab91d9233930731da67,6,chair,4.2791,24.1996,49.6843,68.0789,79.7387,False
785,2ca371de1093a3867c9386abeb61de4d,8,chair,2.3,13.8498,28.254,41.1745,54.7455,False
786,699fb3293e219808599dcc439b161a52,5,chair,1.1478,7.6235,19.902,40.697,61.4915,False
787,42635d55c5905a682672e8af102e0b3c,4,chair,0.0,0.0,0.0,0.0,0.0,True
788,bf557411c41d07bbb38821f893bc10f9,9,chair,5.3704,19.5827,30.1838,40.545,51.5686,False
789,bbcdf9d0ecf02e7e9fce07ae6c046b8c,7,chair,3.7493,26.1078,56.3632,79.6685,92.6381,False
790,6c25a321d75405aafdef1c01cbd4ae0c,4,chair,0.0,0.0,0.0,0.0,0.0,True
791,523a54d33ce5fa9aadcbe68a4d5871f9,3,chair,0.0,0.7948,1.3903,2.1761,4.878,False
792,57285ae595c5cc67eea9006d9d8918a7,9,chair,3.5945,15.3631,26.1402,39.9976,52.424,False
793,59b45e83bf13e8e2374110224c1c4eb0,9,chair,3.6373,12.5828,21.3677,27.4781,34.3007,False
794,5bec8011c4042baf14038d588fd1342f,4,chair,3.0871,17.6385,38.7215,53.8604,63.8984,False
795,668b9f6517f2bf501e54ac67f0143e13,6,chair,1.7778,8.4132,14.066,19.9764,26.0858,False
796,516c4adba7205cb43e9bdff70754d92c,8,chair,1.8789,6.8241,11.9609,16.6898,20.446,False
797,f6f3c3f97b615a19fff16555386d173d,9,chair,2.449,17.5875,42.5426,63.1591,76.2531,False
798,aae036d8ebdc472535836c728d324152,6,chair,2.0558,10.1959,16.9883,21.2417,25.038,False
799,659fdef8de4769079c251b4a7838829,3,chair,1.9623,4.3826,8.2286,11.0909,13.5503,False
800,6a73ce89c4a941ac0f947750540fb22,7,chair,2.2979,7.7095,13.9385,21.1822,29.4448,False
801,595b9c165214bdf0b0b1b4239165b394,1,chair,2.2435,3.4761,4.2676,6.1784,8.7954,False
802,8f23005418fee71819fb4103277a6b93,8,chair,1.5938,10.1912,22.8304,35.8294,46.0672,False
803,b46ad21b7126049842ca7cc070f21ed3,1,chair,1.8158,7.6344,15.0448,20.8662,27.8427,False
804,9069ccc5fcf22878564eaedaeaa04f28,7,chair,3.4493,18.5499,37.5342,53.3968,63.2844,False
805,276932e7bf229d37c8ad93869b52d215,7,chair,1.3929,7.5195,15.6,23.1939,34.6209,False
806,6e1e73e14637a28da1c367d7a459a9b7,7,chair,2.6415,13.3277,26.125,36.2665,45.7386,False
807,40e603e93818760fa7e431436fa7573e,5,chair,1.232,6.4742,11.7615,17.1929,22.0592,False
808,cc03a89a98cd2660c423490470c47d79,5,chair,2.2,15.0576,37.0631,54.4476,73.5381,False
809,7ef4b16e0c38fe09b04cb542e2c50eb4,0,chair,0.0,0.0,0.0,0.0,0.0,True
810,a6420c4ed13cf628945a77b945b7b70f,9,chair,0.783,1.9716,3.3419,4.6875,7.3218,False
811,d334e5ab55188d62680876614ed35a7f,1,chair,0.6609,1.3084,3.0753,5.6093,8.6965,False
812,483cfed0659965ed73c478529c40c4e6,0,chair,3.3939,7.1689,12.014,15.7267,18.0033,False
813,805bb12faecf99a9bbc0e8a3b6521117,2,chair,3.9975,19.5,40.5702,57.0825,66.4436,False
814,d892a0fddeb963bdff4bb1e34fb13b70,9,chair,1.0909,5.6142,13.6569,24.5546,33.8323,False
815,de351bfde19253af54a7a6750196c608,0,chair,4.1,20.2167,38.5304,53.5851,63.285,False
816,2d018e8c0a34a863ff59f04994ef1f0c,2,chair,6.431,24.5153,38.4477,48.8727,56.9312,False
817,434512cad2c10e09e8b2b8dc0c816caf,2,chair,8.1916,33.602,58.9138,73.7343,82.8976,False
818,61a6a9dbd3d0efc2c3bd24f986301745,7,chair,0.9275,1.9427,2.9326,3.9093,5.8252,False
819,719f6578bd1450cfe5b7031248b81d78,5,chair,0.0,0.0,0.2,2.3478,7.1459,False
820,3f7417590f1bcfded5c89ecb06d1099b,3,chair,3.5889,16.6909,29.7994,41.0245,51.2899,False
821,b7c8be9dbe5ff1d540332412c5d013fb,9,chair,0.9474,12.458,27.2979,36.2856,42.5133,False
822,8fd6ca8f2d0ce46b846c0e4d54382ad6,1,chair,0.0,0.0,0.0,0.0,0.0,True
823,7dc902a12843fa60e84c9243a4e577f,5,chair,4.982,20.9524,36.4126,51.0493,63.9651,False
824,eee8b6fafd8af9d1ea54e1e7afcaee9,2,chair,3.8897,27.613,55.5568,75.1142,82.7453,False
825,3aec502173e565d9f7628281ecb18112,4,chair,1.248,9.0475,23.2893,39.2772,53.0547,False
826,484a7d924c952e51af7c7ad2549a1b15,8,chair,3.8182,8.038,12.9719,16.9227,23.9373,False
827,45833f137eb7b1fb77591d1bf8931b62,5,chair,0.0,0.0,0.0,0.0,0.0,True
828,d487d3b9579762cb5dd170fd3a296ebf,3,chair,0.91,5.25,9.768,13.5038,17.4452,False
829,e425c1db44d1ec8ac73ddf48fc777dc,3,chair,0.0,0.3652,1.319,3.3609,7.3483,False
830,57cc406d478167a6a6c03a53cf0a14c9,1,chair,0.0,0.0,0.0,0.0,0.0,True
831,5043b2deab10560fc458ea4eb61fea2b,2,chair,1.8947,7.0217,21.3573,31.2828,38.808,False
832,609d3b4977310957909e1fac9945adaa,8,chair,0.0,0.0,0.0,0.0,0.0,True
833,cb74cf36ff8fcb8d61d7edc67034608e,9,chair,3.4759,7.5583,10.6642,14.7124,18.7792,False
834,96bccddaf0034be04e5cf15b26e670ad,4,chair,0.0,0.1935,0.783,1.3749,2.3553,False
835,fc818d6fe03f098fd6f4cef762589739,9,chair,2.3265,6.9989,11.1056,13.9093,18.3483,False
836,26908ca3183b5a4223500a5b036df62e,6,chair,0.0,0.0,0.0,0.0,0.0,True
837,38bdba5f6455c5ff91663a74ccd2338,8,chair,8.6857,34.8859,56.4689,70.175,77.6901,False
838,ea572cc193b804399c66df0f068d2a36,8,chair,3.5889,19.7891,49.5668,72.7723,83.9635,False
839,a8a2f0865365b521c87106a609982130,9,chair,0.99,7.9322,12.4604,19.0876,29.673,False
840,e6355bbd9aad146a149098a193698017,3,chair,0.3385,2.7368,5.91,9.4849,14.0143,False
841,9b40015761a54e18c29f8b0ac356b8ca,9,chair,0.5757,0.9838,2.3508,4.2741,5.7982,False
842,2718b1d46ca52df052bfb1d5ec273240,1,chair,1.1,7.8497,20.8981,37.9737,48.8098,False
843,fde328d91eee1480fc0035da39bd5e1,8,chair,0.0,0.0,0.0,0.0,0.0,True
844,fc557cf617e03564da733bb42d274ff9,8,chair,3.6493,18.0646,38.2295,56.9195,68.1736,False
845,5fa533f71e7e041efebad4f49b26ec52,0,chair,3.6438,18.8203,37.6623,51.136,61.0557,False
846,5d3eff6a1b9a119da011ccf7cbabf68e,1,chair,1.232,7.1321,16.7368,22.6614,35.4241,False
847,50d277986a78f9fc3eec26c23f5bc80b,6,chair,0.0,0.0,0.0,0.0,0.0,True
848,e4ac472d21d43d3258db0ef36af1d3c5,7,chair,6.5654,34.2457,60.4292,73.811,81.22,False
849,a203bbe3c9c1c676c3bd24f986301745,0,chair,3.5,24.7404,51.676,69.4691,83.7462,False
850,720fd0a6c8cf65e772ee08e78374a212,7,chair,1.9034,4.4792,9.3776,14.3877,18.3672,False
851,756487465c12a5332165c54dcecaacb4,9,chair,0.7467,7.3514,18.3438,33.024,50.4551,False
852,f441e4f7f123bde3cd7677199133326a,9,chair,5.6561,17.0794,29.748,39.077,47.758,False
853,dc182335876fbebbe6fe3612af521500,6,chair,6.4167,24.8174,38.2328,46.9213,52.5557,False
854,6dccf79814289bca5a15b6547f08c8fe,5,chair,0.7875,5.8282,9.8768,12.9305,14.9895,False
855,797df32cd5248558f779fe11f536ba12,3,chair,0.0,0.0,0.0,0.3987,1.1928,False
856,ba40e15e28eeaabb9fad3726e97eca06,3,chair,3.0968,18.5472,37.4789,58.56,73.9806,False
857,aa88b0f05470452f7ea323bc74055b8,7,chair,1.8764,6.3079,9.8392,13.592,17.8723,False
858,759d66c5dcf1cabfb99d75d512b660d0,8,chair,3.5493,23.6733,50.3914,69.1781,78.6486,False
859,404d58ff6722e4a34014f1a5fb376d1,9,chair,0.578,1.7611,3.5258,5.4423,7.877,False
860,928678562a6a57db698a862d11861eaa,2,chair,2.8814,11.0579,19.3424,27.044,39.6289,False
861,77f1880f07fc9805ce5f623508bcaa7e,7,chair,0.0,0.0,0.0,0.0,0.0,True
862,e767b27d6625f905e9af7c2087a87b0e,9,chair,0.3,1.9701,11.1867,21.4204,27.6844,False
863,2404a64c8736bcc37ef29b55d8edde64,9,chair,3.412,11.2624,16.8442,21.249,25.756,False
864,5d7b94584595d7a9118486d21a76684f,4,chair,0.0,0.0,0.0,0.0,0.0,True
865,6a5be179ac61ab24b07017f7091028ed,6,chair,0.0,0.0,0.0,0.0,0.0,True
866,e4931ffa06d7b05cb04cb542e2c50eb4,1,chair,0.0,0.0,0.0,0.0,0.0,True
867,aaba865e99c23e7082db9fca4b68095,2,chair,7.6169,30.2222,52.3971,66.2905,76.1451,False
868,9c700bfbe8730e6db8f4af915220b65b,6,chair,8.8332,20.9729,30.3307,35.1195,40.5104,False
869,c4d1ccacb82d854b5a395b344d6773ac,6,chair,3.7895,18.5111,40.162,62.1478,78.4467,False
870,5d92fd12417a9405cf004563556ddb36,3,chair,1.5273,3.8319,6.048,11.2287,23.7653,False
871,5d346bdb7db27accf3588493d5c284,5,chair,0.18,0.5783,1.1596,2.6698,4.8742,False
872,f83f1cbaf6c41a5db04cb542e2c50eb4,8,chair,3.2492,22.3638,47.6498,69.1579,81.3322,False
873,715530026c6459873e8366d7fa2c218f,2,chair,0.0,0.7373,1.9015,3.6153,5.1902,False
874,1055f78d441d170c4f3443b22038d340,8,chair,0.1998,0.3992,0.995,2.5666,3.9216,False
875,ffd3064cff5757695ecd29875b6f0d44,8,chair,2.449,15.7767,34.4518,53.0816,68.7432,False
876,f06d2963ad258feaf5adaa9eef900be3,0,chair,1.1304,6.5074,12.7326,18.8837,28.4298,False
877,ea91d70feb603421f74aae127b28c047,3,chair,0.0,0.0,0.0,0.0,0.0,True
878,9b8c50f5b9e67dec35836c728d324152,8,chair,2.7418,16.8852,33.9338,50.8593,67.8755,False
879,da6cbcac794d377df9111ef49c078dbe,1,chair,1.9487,11.7153,25.2425,39.3531,51.1467,False
880,1de49c5853d04e863c8d0fdfb1cc2535,1,chair,0.0,0.0,0.0,0.0,0.0,True
881,8c3a4f26d6ea2c864a3bb1a89bb7ce84,5,chair,2.736,5.2848,7.4297,9.7582,11.5867,False
882,42140baad25c8598baa1a4ff2c45ffc9,0,chair,0.1929,0.974,1.7672,3.1274,5.6365,False
883,7ae007a84e6e616d5781796ac0b9d597,8,chair,3.7333,17.7994,37.5102,61.0989,75.2253,False
884,247dd48e4b6c029e4b3c42e318f3affc,1,chair,3.5745,7.9531,13.2579,18.9197,24.3574,False
885,7905bbf9abc0c264f3443b22038d340,5,chair,4.5246,11.0257,17.1159,22.9265,28.1896,False
886,ebf1982ccb77cf7d4c37b9ce3a3de242,3,chair,0.6462,4.5913,11.2,23.3311,36.7597,False
887,4af5131ebc2ffc25ec7cbf3284585a40,7,chair,1.9,14.1484,30.3606,45.7341,58.5308,False
888,58b1c10a6e1d67b3b0cf2e642b746bfb,1,chair,6.9,34.1501,62.1252,78.4065,87.563,False
889,51591397480eecccf58894a68fdb6cca,9,chair,4.1205,23.962,46.5641,65.8703,77.3001,False
890,f4a36a5ae5a596942d19175e7d19b7cb,0,chair,0.6,5.1495,19.699,35.8536,51.7674,False
891,bbe71bb58b7f8f74f51f77a6d7299806,6,chair,1.4867,3.2738,4.6293,7.2421,10.1709,False
892,41bf66b762decaa42c6c98851414a9d8,3,chair,0.0,0.0,0.0,0.0,0.0,True
893,bc78f5fc9b614e357cee0fb3ce7bfbe,8,chair,0.0,0.0,0.0,0.0,0.0,True
894,b69401b412d9300454d7082b34825ef0,7,chair,2.0,11.8979,22.9866,35.4085,45.8911,False
895,62127325480bec8d2c6c98851414a9d8,0,chair,0.0,0.3965,1.7762,2.9538,5.6364,False
896,9582e42453da574f37bf42a4ca375618,3,chair,2.2,12.2449,25.7785,36.7727,49.6818,False
897,1d498876c8890f7786470a1318504fef,0,chair,3.297,21.8606,46.6392,64.8123,75.8028,False
898,6c5b15a19101456219cb07ecb5b4102,6,chair,0.0,0.7059,1.8851,4.784,9.3967,False
899,df8311076b838c7ea5f9d52c12457194,2,chair,7.1503,28.8821,45.8702,58.8593,69.313,False
900,572da8680677fe8937b2bb75885cfc44,9,chair,3.75,14.3278,22.5012,29.4358,35.3917,False
901,81158ce36c90c319740641939c9d6dc9,6,chair,2.549,14.7104,25.1943,31.8959,39.7816,False
902,741fa23c22d97ea81bd5f87ae5f3f83,4,chair,5.1519,27.0026,56.8602,75.7988,87.9377,False
903,4d6107c32c75ad6b9f4b4145f6688869,0,chair,2.5967,7.6441,11.4181,15.5373,18.7385,False
904,480d483b508469d1a42913f1450ecdb8,9,chair,1.7111,7.0112,12.4395,17.9753,24.6019,False
905,5b0dd54eced22552b283c8c7333d797,5,chair,1.9024,7.3247,15.4049,22.0828,29.1744,False
906,7fc8b858cad8f5849df6f10c48eb6cee,0,chair,0.91,5.4486,8.2945,11.0436,13.9643,False
907,7dc1a66d228c8787e39e97231748e33,6,chair,0.0,0.1333,0.5538,2.0048,3.5838,False
908,93ee27f70b593cee7b11ae648ea92233,0,chair,3.3493,17.5088,37.6932,55.3274,66.2476,False
909,8914307dbc15a20387f0bafef1e13471,3,chair,1.92,6.6037,16.1694,26.8277,37.9149,False
910,3f04a08d840c0a9c18b14db3b83de9ff,9,chair,3.5972,16.1486,29.1723,38.2833,47.7223,False
911,b5254b56addb692eb516c05d046e8e45,7,chair,1.2857,4.5431,8.935,16.0995,21.3939,False
912,507a5974b24dce2ee1fc1bfd241d8d6a,8,chair,1.8675,3.4787,4.4582,7.9963,11.2638,False
913,74b3e4fa65510952e6fe3612af521500,1,chair,3.8494,19.2208,41.2256,58.7479,71.6028,False
914,c12da8acb2c7973597e755dddca14449,0,chair,11.3562,35.3668,49.0132,59.0323,65.9979,False
915,b944154f00e7cf1fad484915511ccff6,2,chair,1.232,5.3414,10.3341,15.3429,20.3016,False
916,aa154024474ad7d138a720835dbeef20,9,chair,4.4,21.6344,43.7184,62.7472,75.1264,False
917,7ec2388fdc271fc4ef22b31268b1b7ab,8,chair,3.9342,17.2168,39.149,60.0876,74.9364,False
918,7f14058e6bf50047ea1d47b7c8c17fea,7,chair,0.0,0.0,0.0,0.0,0.0,True
919,30b0196b3b5431da2f95e2a1e9997b85,8,chair,4.5652,20.9662,35.7977,48.3027,60.3246,False
920,732e0abfbd4d09858d775f6f7c8f1b0d,9,chair,9.6435,39.2809,62.0982,75.2222,83.7121,False
921,1fe0a612dfc3fc548be8b77157b819c9,5,chair,3.9,15.8845,30.7705,38.044,44.0401,False
922,453be11e44a230a0f51f77a6d7299806,0,chair,1.8789,7.6189,19.0667,27.6929,33.6,False
923,c47bcffe3e74391af3c9c1464e55d580,7,chair,2.8875,7.2247,9.5322,13.1197,18.1196,False
924,19666f52289092a3394a3bbfc81460,9,chair,2.5358,13.3636,28.8112,42.7147,56.4653,False
925,f979d2ead3517a67f20b781026d21763,1,chair,1.875,6.6818,13.043,25.7755,32.8959,False
926,a6bdde9da1322bd5116162acefe23592,6,chair,0.0,0.0,0.0,0.4,5.2041,False
927,c487441af8ac37a733718c332b0d7bfd,2,chair,0.395,1.581,2.5662,3.9216,4.6875,False
928,7aea8e52f24cd40c496c9cdc8d0a8c08,4,chair,2.5846,10.89,26.7511,39.279,47.4263,False
929,ebed17a73a2e9e981882515d09f3979e,3,chair,4.5457,13.7723,20.4556,25.6494,32.1232,False
930,1b6c268811e1724ead75d368738e0b47,8,chair,4.0494,18.9203,39.7273,62.6206,76.3911,False
931,bea34ffef0c02f07492d9da2668ec34c,6,chair,0.0,0.0,1.4529,3.4874,8.3037,False
932,59f1f818fce72660ac285e4454a089f0,8,chair,0.0,0.0,0.0,0.0,0.9898,False
933,2d701c588b3bbbc458c88d30f502a452,8,chair,0.0,0.0,0.0,0.0,0.0,True
934,b34b1a7cd8b645829d0103304b799f18,7,chair,2.2304,7.1429,11.8497,17.2419,21.1332,False
935,372118e3595c328c713decb1a0563b12,7,chair,2.0488,13.072,29.911,45.1173,60.8003,False
936,d23682341fc187a570732116fb5f6e1,2,chair,0.0,0.0,0.0,0.0,0.0,True
937,791c488a167bd73f91663a74ccd2338,8,chair,0.0,0.0,0.0,0.0,0.0,True
938,f0f9d29b3eb76fb7490ad276cd2af3a4,7,chair,2.731,9.0612,16.0363,22.6698,32.9511,False
939,6c554635dcd6123a35fd8a41e49d8421,1,chair,3.1821,9.8475,18.6671,29.7297,39.8508,False
940,a544d05ee3bf362d27e1ddec710c515b,5,chair,5.0922,19.1408,36.169,49.6958,60.3586,False
941,89018ce4961c76cd5a8ae8f7c307d01c,5,chair,1.6615,6.9709,11.8389,15.0008,18.4271,False
942,9849c890f3bc80723a4642fe4c259750,6,chair,2.315,3.5133,6.5715,8.6124,11.8532,False
943,8ab6783b1dfbf3a8a5d9ad16964840ab,8,chair,0.5925,1.1895,2.1756,2.7613,4.878,False
944,3fae0625f3cf5e862678f553478310df,0,chair,6.1496,28.5661,49.8828,67.1674,78.008,False
945,9b902b5c6570acb314b96b665a8ac321,6,chair,2.2489,18.3198,38.568,58.5541,72.2389,False
946,4848f84b015f1360e8058cf23f6382c1,0,chair,2.1591,6.7799,11.9671,15.4375,19.5741,False
947,6a02133392afc96b40ef1c8b63a628f9,3,chair,2.9867,17.8911,35.9067,52.5458,67.4019,False
948,a521fba02ca7f9aa822215026d1e8d82,8,chair,3.1263,7.4774,10.8281,14.9933,20.1361,False
949,ff9b59e29b547dd504721639e19f609,5,chair,2.9492,22.0113,44.5852,63.7712,78.7349,False
950,70cb8d70d961ca48b04cb542e2c50eb4,3,chair,2.925,6.478,8.4716,10.6192,13.8778,False
951,c0739ef0c29f005ef1f5e7b74609d54c,2,chair,2.5107,7.6326,11.0966,16.6408,23.2311,False
952,540aaf05d1ff41c0c90a83871023986a,1,chair,4.2447,26.2808,50.092,70.5097,81.1003,False
953,d9aa42439dc6f1b1c63608961819b578,0,chair,4.078,19.1979,35.9864,45.9922,50.8027,False
954,2acc2a87aef7cc559ca96b2737246fca,2,chair,5.1611,13.2047,18.246,22.9185,28.5598,False
955,48ae43c032e9f89737f67f4322e8d3d0,6,chair,0.0,0.0,0.0,0.0,0.0,True
956,41d9bd662687cf503ca22f17e86bab24,6,chair,0.0,0.0,0.0,0.0,0.0,False
957,98f2d21c4dcac477f7628281ecb18112,7,chair,2.6415,19.3933,45.5598,69.5414,82.9922,False
958,9d229e34818effff07d3e3c7bfacb95,5,chair,5.3981,27.0239,57.5814,79.4976,88.3337,False
959,5490efbdadce792f524f4eb395a8604,7,chair,4.4,30.4401,50.4,64.2412,73.7472,False
960,ce2982a9b05fef738a075f7da2b32df,6,chair,2.3833,10.8594,21.795,29.0779,36.946,False
961,c98c12e85a3f70a28ddc51277f2e9733,8,chair,0.3529,1.1327,2.097,3.7538,6.0887,False
962,4a9ed043cb91fd91b04cb542e2c50eb4,4,chair,0.0,0.0,0.0,0.0,0.0,True
963,56300f790763af1a872860b02b1bf58,8,chair,3.3265,10.7714,23.433,32.7335,40.3781,False
964,738395f54b301d80b1f5d603f931c1aa,8,chair,2.4906,6.3871,11.0597,14.4676,17.7414,False
965,4f81153b0a3d2fb25f5359f3b8f96a06,3,chair,2.7055,15.8461,39.9551,62.1478,75.5623,False
966,ed1816d4dee58c7ddc809959e304d48,0,chair,0.0,0.3992,0.7968,1.1928,2.7613,False
967,123305d8ccc0dc6346918a1d9c256af3,8,chair,2.88,7.1444,13.0616,17.2661,19.9861,False
968,6b38324cb8beedc5ca86e527b84d8854,1,chair,0.0,0.1875,0.7768,1.7495,3.1086,False
969,9dfaa9b599fced446f1e07a56c129dfc,6,chair,0.8471,4.9259,10.2307,14.4779,19.9814,False
970,79ed181ca18bf71dc8881577d38510,4,chair,0.1989,0.3992,1.5873,2.7613,4.878,False
971,d9ce33c5f448815d7062f2d72cde5c95,4,chair,1.7944,10.6441,23.4837,42.2195,59.9502,False
972,6a5ee2ac74c81e9d470412e9b69c8933,1,chair,0.0,0.0,0.0,0.0,0.0,True
973,cc5dea482768651ed0e93cdb469eb63,2,chair,0.0,0.0,0.0,0.0,0.0,True
974,32c35f86754c0b4847307542345b60c,5,chair,0.0,0.0,0.0,0.0,0.0,True
975,4e0beb356493c9cbc862eec8232fff1e,7,chair,1.5,8.2826,21.541,36.3126,52.3525,False
976,3bd437d38068f4a61f285be552b78f9a,5,chair,7.8476,31.754,50.4958,61.9235,69.2699,False
977,288143f68d5b9f7462acff507939719,0,chair,0.0,0.0,0.0,0.0,0.0,True
978,9dac39c51680daa2f71e06115e9c3b3e,9,chair,3.4435,20.9981,48.9541,70.3487,90.7718,False
979,d02f9ae175fa83d3e6fe3612af521500,7,chair,2.9492,19.1029,45.4823,68.0322,83.4713,False
980,fc3d4268406b396e71a782a4379556c7,6,chair,0.0,0.0,0.0,0.0,0.0,True
981,8bb74c3e07557ba9177f2a3a0c71fbcd,3,chair,1.92,5.4648,7.4413,9.6313,12.6777,False
982,a4ebefeb5cc26f7378a371eb63283bfc,8,chair,2.6491,18.4,34.5163,54.6717,72.7033,False
983,4552ab193b8566acea343d0d02e4d3bf,8,chair,1.225,3.3545,4.6693,6.6667,8.6587,False
984,72fe5266a93c1998dbbc9440457e303e,1,chair,0.887,2.08,4.5448,8.3438,14.1036,False
985,8d4efa9893f7e49b3a85b56ecd01e269,5,chair,5.2,27.0114,50.7796,68.7404,81.9473,False
986,502d0f698e20af83de03ab2a27ba7531,1,chair,3.8796,7.4864,10.6666,14.4163,20.1439,False
987,6549c13a4c96b926f51fa0238791f5dc,8,chair,0.0,0.0,0.0,0.0,0.0,True
988,2c250a89e731a3d16f554fd9e81f2ffc,4,chair,4.6863,20.1437,32.8575,40.5945,49.4745,False
989,a18156a0e60e50391f4c17ff3c45b28e,1,chair,4.9745,16.4435,29.2097,36.4464,41.3369,False
990,675e25ef07ef717cc8bd7a04c9659f1,8,chair,0.9398,2.1657,5.0273,10.3141,18.5118,False
991,8bce3b7b7f0f48ad28a1548e344f0e2e,2,chair,2.1955,12.8062,30.7757,53.8601,69.3514,False
992,d54100efac3ab743626ced72908b525d,3,chair,1.8652,6.4763,10.1309,12.5196,16.7292,False
993,e3fba8a576d4d875e1d0950dd1aa903d,0,chair,3.3479,10.4589,17.6888,26.6087,34.0067,False
994,dfca4eae14e0bb541f6399f392c887ea,2,chair,4.0494,24.0616,41.022,52.3587,68.1021,False
995,387dc2c22bdf6d2a6df42853f67b5836,2,chair,1.7436,2.6771,4.7845,8.3042,10.1695,False
996,58891b4cc3fcdd7622bad8a709de6e5,7,chair,1.7944,10.368,17.1546,22.6314,27.1195,False
997,cc811f0c28012f493c528a26a44a30b6,7,chair,3.1492,23.7983,58.8919,82.3981,92.9968,False
998,c7f607892513a2f787bf0444104341d5,2,chair,1.1478,6.3938,16.0216,29.3761,42.7824,False
999,ccc4b5366a6dc7c4cffab2c8f8bf5951,1,chair,0.0,0.0,0.0,0.0,0.0,True
1000,5420d4699cf0125fd08f8c5dee475682,6,chair,1.7944,12.1475,30.1234,44.5004,55.2139,False
1001,51c276e96ac4c04ebe67d9b32c3ddf8,0,chair,0.0,0.0,0.0,0.0,0.0,True
1002,f7e1a17728ea76dbc6bcadaedba80eee,8,chair,4.7917,27.4692,51.7827,68.0643,79.1595,False
1003,b66a32bed74e203591f74997d435672d,7,chair,1.3,5.7287,10.3877,19.0102,31.9165,False
1004,40e9fdb477fc0c10f07ea52432becd0a,6,chair,8.0802,39.775,74.1719,90.7872,96.2065,False
1005,d94490f503e005cb9eeee305ab9432f0,7,chair,1.3333,6.0,11.4783,14.6872,22.0579,False
1006,59bbf4d0360e4cf733e5ff708bab9b06,5,chair,4.1635,9.0166,13.1365,15.667,18.8406,False
1007,a33fcf84726cd862d866e3aa112e4663,0,chair,3.4971,19.4271,38.8525,58.1351,73.3261,False
1008,436be9df788b706fb40f0ac0fb9a650d,8,chair,1.9179,7.7989,15.26,24.3006,32.2358,False
1009,3c3b33293af7459f2677042d71d00b91,2,chair,0.3771,0.5809,1.3372,2.8315,4.4826,False
1010,b80e1766b45076ff492d9da2668ec34c,9,chair,0.0,0.0,0.0,0.0,0.0,True
1011,c12ea730ea29f8945914d57d976758c0,5,chair,0.0,0.0,0.0,0.0,0.0,True
1012,e64630913e8b723c23ff850238a15b07,5,chair,5.3839,14.1348,23.1141,29.5777,35.9635,False
1013,90c6d1df1f83329fe1181b0e584cdf9b,7,chair,4.2353,21.0792,37.353,51.7209,66.4508,False
1014,f1f69b9b2dbf7402c862eec8232fff1e,8,chair,2.6764,14.859,30.6797,43.6788,53.3008,False
1015,be7ee770ad59ed0eb07bc9fe525caedf,1,chair,2.88,9.1184,12.264,17.5749,22.3511,False
1016,e25c7c2469135e3fdd3adf3090c701f7,5,chair,0.0,0.0,0.0,0.0,0.0,True
1017,5a871d6613216ecebda72093f9b5aa73,7,chair,4.0444,21.6892,45.7766,68.9469,83.7675,False
1018,2abe8d5b5d29ff52f7628281ecb18112,6,chair,1.7486,13.2181,29.9113,45.2828,60.1829,False
1019,c3b6c4563e5f3dc4166ddaef2c2c61ae,0,chair,4.3356,17.5893,33.8138,49.3669,61.8239,False
1020,b4c73f4772efcf69742728b30848ed03,1,chair,4.8495,27.7524,58.3485,75.15,84.0208,False
1021,c09cab69cc04378cff24fe90298ffa71,8,chair,1.9179,8.5773,18.507,28.3986,39.8272,False
1022,78d3258e4664daa9e8f8c11a24c52ebb,2,chair,3.0968,14.3,32.3238,46.626,57.3977,False
1023,75f32479a35f39e9f43d965e3ff9c5b6,7,chair,5.6142,28.0612,53.7206,70.8146,80.3235,False
1024,fffda9f09223a21118ff2740a556cc3,0,chair,2.3679,6.6989,10.9091,14.592,20.2499,False
1025,1ab4c6ef68073113cf004563556ddb36,3,chair,3.9443,22.8858,43.9858,63.6247,75.7261,False
1026,d64b2ba9f1f35362cffd61677456447e,0,chair,7.2654,19.1104,28.677,36.5956,41.9023,False
1027,8cb521c0e96b349d65ba78ad9601cf1b,0,chair,6.2835,27.4348,52.0167,65.7927,71.8031,False
1028,f29cbdb2c7bb10f9953d950bcd7de7a,7,chair,0.0,0.0,0.0,0.0,0.0,True
1029,b81be96660f38a8c7543d7dbfecfffbe,9,chair,2.7578,6.0415,8.5578,13.3417,17.9571,False
1030,92450ce64f51c778f235ab3c41aeb5b6,0,chair,2.1538,3.0982,6.926,10.9641,13.9535,False
1031,9e140d4e30a90721b459fd126141e9e6,9,chair,1.7944,12.7519,30.6046,43.994,53.1268,False
1032,f1787517791764e74b3c42e318f3affc,6,chair,1.6,9.1497,20.8766,33.9175,47.47,False
1033,bf3c02f71de0260a8dfc31d0ab372d9c,3,chair,3.12,10.6378,16.5791,21.6944,26.5074,False
1034,d0500d229baf05b0e83221ad0d21775,0,chair,3.1875,17.7593,41.7156,59.4959,71.3988,False
1035,59126ed88bf7735b1817f13b030c6f32,7,chair,4.1494,20.1444,37.7436,48.8157,59.9466,False
1036,9af15c2a94ef79844aebea9384ce74e0,6,chair,0.0,0.3992,1.1928,2.3715,3.9216,False
1037,1f8eaa7aededc7e637b2bb75885cfc44,1,chair,2.2373,4.8656,6.6564,8.7257,12.2902,False
1038,4913388a4c94547a81806e3880250dff,1,chair,0.0,0.0,0.0,0.0,0.0,True
1039,a4b690e66e3937c88b42931b6e108d6c,2,chair,0.7872,2.7466,4.6862,7.136,10.2467,False
1040,308f0ebcbcdad58119fb4103277a6b93,4,chair,2.449,13.8647,29.2659,39.6574,49.2729,False
1041,9515e377c1ec86529b9f2eb77f5e247e,7,chair,10.8498,51.2359,82.8943,95.4141,99.347,False
1042,6e50f19c52a760e3cc1159c3b443c932,3,chair,1.8872,7.6758,12.4045,16.1796,19.4888,False
1043,5128a385e9c90443febad4f49b26ec52,9,chair,2.5905,8.19,11.6879,14.3377,17.5901,False
1044,84d783ab90b79f8036b0f2a1430e993a,3,chair,0.32,2.52,4.469,7.8422,10.5148,False
1045,76710f51915396e0327289c00b6dc9ca,0,chair,0.9231,4.1802,6.7481,11.7197,15.6191,False
1046,5912ba21e93d2c5b8bd10c3418cc648,7,chair,7.4947,32.8122,59.7959,74.5466,82.1744,False
1047,4a48b39219bb7d64457ba044c28858b1,1,chair,3.7974,25.1491,47.395,60.6239,67.903,False
1048,33c4f94e97c3fefd19fb4103277a6b93,4,chair,5.5459,23.5362,46.3598,63.867,77.0412,False
1049,af28dbdce6ed8cea19fb4103277a6b93,9,chair,0.8,6.4403,16.5317,26.9524,36.1278,False
1050,64d535abf6fe5ec46874ce99dea28d5,5,chair,2.8491,17.4302,39.1752,58.8365,73.2685,False
1051,69a6407f21509325a04c9785f6d4e317,0,chair,0.0,0.0,0.0,0.0,0.0,True
1052,41bb8be36df856eb847d4e46a1f9f05,2,chair,7.4771,24.0853,35.7678,46.9359,57.0225,False
1053,bccedf688d8e5536eaf288f952624966,5,chair,3.8974,18.3864,41.3674,60.5804,75.4681,False
1054,d3562f992aa405b214b1fd95dbca05,1,chair,5.098,27.6239,55.6568,76.3753,85.4467,False
1055,c3c159a5a56614aad7b20fded0142d7a,1,chair,2.0955,5.0824,10.1491,15.4749,22.0494,False
1056,226f096dbce49857bdfa5e0753fa3240,1,chair,6.6985,34.3648,62.9787,78.067,87.0082,False
1057,adcc6534d6db1ff9dff990aa66c50fe0,8,chair,1.7944,13.44,30.0013,42.8589,55.7935,False
1058,6a01eed3a575987211e48e4bcdc4a2a3,4,chair,6.0496,21.9265,39.1513,49.9836,61.5835,False
1059,2b82a928c4a81fe1df4cfe396cee719e,0,chair,4.4835,18.1591,30.8524,40.1174,48.6624,False
1060,7a5e63ee142a424c5f6d0af6de791c3,3,chair,2.4258,5.5364,8.3492,11.272,14.5998,False
1061,ff546450fb0bd81f6e7c5546c1dbd220,8,chair,1.1478,8.6816,20.198,34.5412,52.164,False
1062,6ecc9a0b03cb8bc2d2b12aa6a0f050b3,1,chair,0.0,1.357,2.1515,2.9252,6.1724,False
1063,5623d0ec9efedbc9d4da89766e80607a,3,chair,1.7371,9.2613,24.3651,43.2367,64.3551,False
1064,4b366b7995cd8d7fce4f274577283b16,3,chair,1.7371,8.3323,12.5714,17.7494,21.8167,False
1065,4c1d6b12b48a80b0ebd10747ca93b13b,1,chair,3.2308,16.7976,41.047,64.7453,79.298,False
1066,400ae609e39ff49639d5fb08047c894e,7,chair,0.0,0.0,1.8947,4.9577,7.3837,False
1067,cfe139c0e8b8cfdae342bce0d924820,0,chair,1.1478,7.9579,14.7553,27.4579,39.7803,False
1068,866e7248434968051cc7750d0afca796,6,chair,1.6765,8.0372,13.509,17.87,21.7451,False
1069,4b79197258fad3363efeda73d60343e4,5,chair,0.0,0.0,0.0,0.0,0.0,False
1070,2448d9aeda5bb9b0f4b6538438a0b930,5,chair,10.9443,36.2107,54.3882,63.7174,72.5856,False
1071,19861e56a952fe97b8230112437913fd,1,chair,1.966,7.1507,10.8399,14.144,17.8615,False
1072,7e66472eb05cca212e77b4bab2489170,7,chair,3.9775,13.9801,22.311,30.4,37.7569,False
1073,f2075f1c3088a167cf513de9a02a2561,5,chair,1.1917,8.708,22.7858,36.0635,45.0166,False
1074,c0e3582a0c8273653c4f66791e25960f,6,chair,2.6074,7.2343,12.4641,18.9077,27.5976,False
1075,cd47ea438a9387c0ee088de33038f12a,6,chair,5.6949,14.6231,20.8479,26.6182,35.6836,False
1076,7a1515106a9dbd2bae4c6ed7474cdaa3,5,chair,3.2,17.7499,33.2997,49.8739,61.6129,False
1077,3919e93cc1f3bf5bd7f7a4c4609b0913,0,chair,4.039,21.6072,41.1787,55.8625,66.5525,False
1078,61950eabab269b5c530a9fedbeceb83,1,chair,0.5679,1.1813,2.5536,5.2417,7.6911,False
1079,74500999671b4c99d7bf6fb68df7f786,8,chair,0.45,2.2857,4.2887,9.6429,16.166,False
1080,92c068abecb15e1adcfd6ca2b952d624,7,chair,2.549,16.8994,39.6166,59.4755,77.6434,False
1081,d00a7550cf050fb3720daf9b94e7a5a,7,chair,0.0,0.1889,1.3903,1.7839,2.1761,False
1082,b856a62e23ef65324b87db09ac4cfa73,3,chair,0.9474,12.3401,32.6094,50.7061,61.4187,False
1083,2b85487133b04a543f86d4a1692234ec,3,chair,5.2457,19.3563,34.6289,53.9773,66.5312,False
1084,955ee3a20ba242414580ed619ae2daa1,0,chair,0.0,0.0,0.0,0.0,0.0,True
1085,71b1134533fb33f489452a0032ea575,9,chair,2.6374,5.0738,6.3123,8.2111,10.0603,False
1086,e821fb5eb1e21368c341afa383659322,9,chair,1.4933,12.4352,29.6587,47.4674,61.2171,False
1087,763bccb675b7439ab9afb6208cab1d,3,chair,0.0,0.0,0.0,0.0,0.0,True
1088,8b8fa92f9c677b0713decb1a0563b12,8,chair,0.9,6.0938,13.8975,18.8417,24.6403,False
1089,4cfc78be98de1d2bd607f0b8430fb29a,5,chair,6.24,29.9737,56.1623,72.8749,80.8968,False
1090,7910a6262ad8fc113fa02fd212ba0e5f,7,chair,0.0,0.0,1.4,4.2787,7.5524,False
1091,40567b0166658623b80ea7d1a9683df8,5,chair,0.0,0.0,0.0,0.0,0.0,True
1092,e5b6a3cf96b36a1613660685f1489e72,9,chair,0.0,0.0,0.0,0.0,0.0,False
1093,46bd3baefe788d166c05d60b45815,5,chair,0.48,1.618,4.4318,10.3734,14.6512,False
1094,3115864130f4e8188f56c17c21b5509b,8,chair,0.0,0.0,0.0,0.0,0.0,True
1095,c5958d1f079b0be47b8e25a5db8c2573,3,chair,0.592,1.7833,3.1496,4.6875,5.6365,False
1096,8830354625df010037b71c02ebe8cb4d,6,chair,4.0976,26.5816,52.1482,69.7999,83.1109,False
1097,1db766ad516a6993f4b6538438a0b930,8,chair,5.7983,27.0524,46.6006,60.1647,69.7039,False
1098,6f7a337878543c07c3bd24f986301745,2,chair,1.4118,5.0701,9.9975,13.4471,17.0075,False
1099,c69ddb5376e22cb8c4e8952b27b5f370,6,chair,1.0476,4.9745,8.6498,12.3342,14.5375,False
1100,dada2389e96606307aa7cd663df90f18,0,chair,1.05,3.1189,5.9478,8.8165,12.2938,False
1101,f9fb36db323fb2d2df6cfab91d65bb91,5,chair,0.0,0.0,0.0,0.0,0.0,True
1102,a69a2807ca667fd9492d9da2668ec34c,5,chair,7.5556,24.1174,35.9865,46.0326,55.8015,False
1103,7eb566a254731d8871a782a4379556c7,6,chair,2.496,17.9465,43.6552,64.9623,76.8044,False
1104,28844eb55fc82dc8f4b6538438a0b930,4,chair,1.0667,4.2764,7.8453,12.2751,16.1163,False
1105,331e1247f5672328826fc8d57346a2e4,0,chair,0.0,0.0,0.0,0.0,0.0,True
1106,4afbcdeba648df2e19fb4103277a6b93,7,chair,2.2489,11.9146,26.1906,38.9777,49.0012,False
1107,2c795b27253f9ada336961c9971d866b,2,chair,0.0,0.0,0.0,0.0,0.0,True
1108,94d55392edad30d35192e08e628ef9a8,3,chair,1.0957,3.2233,5.1141,8.7022,12.5495,False
1109,8b45782142fe42b02314deb821327685,6,chair,7.2083,26.6048,40.0609,48.3992,55.1713,False
1110,a08870dc5fc0c8aca19799a9cde9e06f,7,chair,0.0,0.2,1.7872,8.152,17.3544,False
1111,629117f474a4bd482d7c2f5a9f32d6bd,3,chair,1.4483,11.048,33.8705,56.189,76.0656,False
1112,768ea32d8303095bfe6f9308e75765b1,4,chair,0.0,0.0,0.0,0.0,0.0,True
1113,6ed95ed3e89e09ac191c3762b497eca9,0,chair,4.1446,18.911,42.7694,63.6772,75.3832,False
1114,c98b7e1952c2c7bb85f6153ed2033a1c,8,chair,12.1935,45.0561,73.1315,82.6291,87.6404,False
1115,7a7b08cf81cf358a8616812464c86290,4,chair,1.68,7.9561,18.088,27.9008,33.5618,False
1116,3885255ca5d75e69da2260dc4a1fc2c6,9,chair,1.4733,4.9374,8.737,11.7401,15.6514,False
1117,114b563de051057fcda85f6a3e19b0a1,7,chair,3.8974,18.5013,34.6661,46.5832,56.7453,False
1118,d28423569bfd84708336a02debb9923b,3,chair,1.2952,2.4343,5.5431,9.4673,14.0425,False
1119,bbe63bca5688ac6b7236a8143b10600f,0,chair,3.8974,15.5796,28.336,40.388,54.0722,False
1120,f5ef49d354efe6741cda53280488fc3f,9,chair,1.0636,4.9867,8.0219,11.5896,16.1265,False
1121,f350621fba76ee29e7b1367d085b7e66,9,chair,0.0,0.0,0.0,0.0,0.0,True
1122,fe99f16c2532cdd07ba99ad16fdc05cd,7,chair,3.0875,11.626,17.774,22.2683,29.4957,False
1123,972355f42223e6199cd431573238602d,4,chair,3.1492,19.4624,38.8154,52.0898,61.6218,False
1124,3d267294b4a01900b04cb542e2c50eb4,0,chair,3.0295,16.0404,39.7324,59.7214,73.4106,False
1125,ed9d0bf4b699c2e86393e0168650b62f,2,chair,0.0,0.0,0.0,0.0,0.0,True
1126,67fe832a22b91e6c54ddc93d2b7d3d65,4,chair,0.0,0.0,0.0,0.0,0.0,True
1127,cebe4dbc363265ce46746f657ed598,7,chair,0.0,0.0,0.0,0.0,0.0,True
1128,946f16a9bcc3c2be75aa7f24a9b6003a,1,chair,0.0,0.0,0.0,0.0,0.0,True
1129,5027bd5ab457e99068821642e9a54505,7,chair,0.0,0.0,0.0,0.0,0.0,True
1130,6fa2db75b28cc1375c728bbce49718a0,8,chair,2.1956,7.155,15.58,26.1997,35.4921,False
1131,e19214cabca496a3f7b54e04c7238d7,0,chair,0.3667,0.9565,1.9153,3.2416,4.5549,False
1132,9dad5d3a04753f69febad4f49b26ec52,8,chair,3.0277,7.9383,12.8093,15.1266,19.5071,False
1133,40bfad5f86a730b29f2349486c570dd4,6,chair,4.4,27.2294,52.4957,72.5341,83.7855,False
1134,cbcc5cd1aec9f3413aa677469bbdd68c,0,chair,6.6406,30.0826,56.9861,76.1346,85.3333,False
1135,e5d285ad477a33a27eaeab1f0c9120b7,8,chair,0.975,3.1336,4.5134,5.9937,6.9444,False
1136,1b92525f3945f486fe24b6f1cb4a9319,0,chair,2.463,7.7037,12.7293,19.0404,28.2963,False
1137,3ff53879d12a2259cf004563556ddb36,6,chair,0.0,0.0,0.0,0.0,0.0,True
1138,87afe5137d675efb73418f9a8c25ad1a,4,chair,2.496,15.6101,28.8841,37.6228,47.2624,False
1139,586b90e4b5e0530935836c728d324152,1,chair,2.7224,5.8065,12.152,20.2516,26.6875,False
1140,31e59dcaa15f2599a52abcb0c06a3598,5,chair,3.8442,15.1941,28.8875,39.5393,52.0461,False
1141,56d06d2b12a40bebdbbc9440457e303e,6,chair,2.1451,4.73,8.3582,12.7916,15.1854,False
1142,41e5e9ecb83b9a45504d5af97121b5f,1,chair,6.965,30.4884,49.0149,61.4672,69.9224,False
1143,fd9e909b082d8175d319c38340319ae4,3,chair,5.4393,15.254,22.5222,30.8895,36.1419,False
1144,cbf18927a23084bd4a62dd9e5e4067d1,8,chair,0.8214,2.5053,5.0593,7.8198,13.2798,False
1145,736589cbc46fe6b059f8e31ca87c470e,3,chair,2.7964,14.5884,32.1222,48.7515,64.2068,False
1146,3db18530ff6bbb50f130e9cdbbb1cf40,7,chair,5.0257,27.033,48.6952,63.4733,75.0371,False
1147,364a43c9f94f315496db593b49da23e5,2,chair,5.1495,29.0607,58.4909,73.0314,81.6745,False
1148,d0d3585a2c4579bde290ca81b042ebb4,7,chair,3.2727,10.4457,18.9976,31.9665,44.3403,False
1149,4c5ae0ca12a5e8b3490ad276cd2af3a4,9,chair,2.7857,14.9217,31.4858,48.2122,60.3954,False
1150,1cad298ed14e60f866e6ad37fee011e,2,chair,4.6116,7.7874,10.8444,14.8615,19.1663,False
1151,3e34987bd5e7cf0e6c5cd45aa112726,2,chair,3.8969,7.5951,10.8639,14.5827,19.6771,False
1152,671d34c27cc0f1bf2deeb5ec76cf103b,9,chair,4.4165,10.4966,15.8422,20.2364,25.686,False
1153,331bfb4cc56f09e201cbed672acdcde,1,chair,1.4,3.573,5.6727,9.3216,13.4262,False
1154,6dadf2259bec12c6a51c26819f8dbb51,8,chair,6.4812,16.1424,23.312,27.3497,32.64,False
1155,216821d05f00b1ccc3bd24f986301745,3,chair,2.7857,10.9918,18.1863,22.9891,27.7297,False
1156,490941bf4a532b62492d9da2668ec34c,9,chair,5.3093,20.7915,38.5944,50.9751,64.1555,False
1157,d1d9da0da16dbb1a765101d95c92a0e5,9,chair,0.7304,2.6658,5.9888,8.9833,13.8027,False
1158,43569dc880494256b40f0ac0fb9a650d,4,chair,3.0098,17.6751,32.7684,45.6841,55.0409,False
1159,bd0cdf88217ac15af9e0f15cc1c070db,3,chair,1.82,5.432,8.6043,12.2103,15.6387,False
1160,4719c75b8ce30de84b3c42e318f3affc,7,chair,2.6,15.9003,36.2846,54.0686,67.2639,False
1161,be4c88a130e622a21961e650f3cfa396,8,chair,2.1818,18.4108,44.9376,66.717,81.8016,False
1162,6a0bd5d9ec4567d9d42216b5daf41a39,7,chair,3.8494,21.5358,38.64,59.0433,78.9224,False
1163,60e36f3ad1dad5cf71f761119ebf0b45,0,chair,0.525,2.4404,5.8813,11.3894,20.503,False
1164,463fe7f155dd7279a7635bec8b4f9183,2,chair,3.8897,19.4749,34.7597,46.3064,55.8698,False
1165,bec075322d514fc9f51f77a6d7299806,2,chair,4.0346,24.9562,54.3195,72.7426,81.716,False
1166,35c3575340cc8234456cbf78e1e89022,0,chair,3.0492,17.7994,40.6638,60.4215,70.2773,False
1167,7ea38c936513f5df3772b104757a4809,3,chair,0.3857,0.3956,0.7911,0.9916,1.5838,False
1168,fa7f42b395c3cfce520ab6214a789faf,9,chair,4.5913,26.2042,46.4195,63.076,75.5644,False
1169,b3194efdf2b8031e8f6e9f07be105c48,0,chair,1.0,5.6651,9.946,18.3714,32.0608,False
1170,4abbd2b632d3aeae4b3c42e318f3affc,0,chair,0.0,0.0,0.0,0.0,0.0,True
1171,2f24021efe2ccfcc2db431502a680805,6,chair,4.0494,20.6148,29.968,51.2031,62.1272,False
1172,9a54daea9071a536bf80985a99195eb8,8,chair,1.3655,3.8095,6.2703,8.968,13.6637,False
1173,e2dbe84030167f1ca5aad165050e534c,6,chair,1.7778,8.111,12.8494,16.2654,19.2803,False
1174,413a7b8c5de6dd4ebb7b779fe99ae983,3,chair,0.0,0.0,0.0,0.0,0.0,True
1175,d792c65f8b1710709b9f2eb77f5e247e,6,chair,6.2937,35.519,68.6622,86.4387,93.8123,False
1176,455829a425b5f919fc93c3b1c0fca400,9,chair,0.0,0.1984,0.9714,2.2418,4.9548,False
1177,6e6ab9da02b8e3bd9bcd01fc6568d728,6,chair,1.2774,4.4082,5.8304,9.5431,16.2687,False
1178,447a5eee395026fa8d09bc92d0fc6d3a,9,chair,0.0,0.0,0.0,0.0,0.0,True
1179,3421ad5a45b85f7a4b3c42e318f3affc,9,chair,3.4493,22.8074,49.29,69.9634,84.3432,False
1180,5fd2483e98dc2ddef3c9c1464e55d580,6,chair,0.0,0.0,3.3702,9.0578,13.2124,False
1181,53316b8bdd729c87a516ad65be981ae,5,chair,0.0,0.0,1.1234,3.0327,6.7785,False
1182,d3ff300de7ab36bfc8528ab560ff5e59,3,chair,0.0,0.0,0.0,0.0,0.0,True
1183,6634fdee517153e7e8523833000f615,5,chair,0.0,0.0,0.0,0.0,0.0,True
1184,6b8c5cd585ef8c67ff2b8acf844d34d2,8,chair,2.449,14.4441,25.8657,38.4232,45.7441,False
1185,fc07472e4dd1b6698ae97f14e63e7e01,4,chair,0.0,0.0,0.0,0.0,0.0,False
1186,8bb9a20b7090c90bf2356faf7e20b90a,4,chair,0.0,1.1429,3.0214,4.6367,6.3995,False
1187,e6c900568268acf735836c728d324152,5,chair,7.4469,26.1125,38.7498,47.268,53.9883,False
1188,2ac0a9cdbe7ab8a6ad484915511ccff6,9,chair,5.1792,17.2386,28.8704,38.1719,48.1925,False
1189,4275718494dd309bc7d25fde6b97816,9,chair,6.1008,25.1948,40.0312,49.597,58.1942,False
1190,58ad41e336942bf3c5243a0ab191990d,7,chair,2.039,12.4048,29.2142,49.0909,68.1407,False
1191,e59cc0fed1520985b21bc3cf138f79e,6,chair,0.0,0.7968,0.995,1.3903,3.9216,False
1192,2b69e899da0c15cfb40f0ac0fb9a650d,4,chair,0.0,0.1905,0.9733,1.9644,3.7194,False
1193,6d27c80c3da530d69b11da89c22111dd,4,chair,0.0,0.0,0.0,0.0,0.0,True
1194,2773ae187d1e9d3d504721639e19f609,5,chair,4.9505,16.8657,24.8937,30.4744,32.8665,False
1195,3774a2b8c71e70b9f18a36d57b7cced0,4,chair,0.0,0.0,0.5825,1.3745,3.5109,False
1196,fdd21f7f2ca9f0bcbdcbca499b446e89,2,chair,1.6941,8.4132,13.2186,16.7328,22.4927,False
1197,92373022868b812fe9aa238b4bc8322e,3,chair,1.995,11.0676,26.0191,39.596,55.1781,False
1198,510fdcfcba1bc18ea1081ad712f6fb3,5,chair,2.0952,10.1264,24.6879,38.8189,48.845,False
1199,619a795a84e2566ac22e965981351403,1,chair,1.5097,4.8069,7.7653,11.0497,15.3281,False
1200,2a417b5a946ff7eb2a3f8f484e6c5c4f,4,chair,0.0,0.0,0.0,0.0,0.0,True
1201,4148f94098b428095dc3653f8341633a,3,chair,4.2778,13.6552,21.5186,27.0252,32.1614,False
1202,23951f57f090116141bac0aa0782f561,4,chair,1.4345,13.0874,24.9675,34.4331,42.601,False
1203,78c9204b2eac432b65b77a565916c7f,3,chair,0.0,0.0,0.0,0.0,0.0,True
1204,5952c6c49ace76c5beea20858a99d5,6,chair,1.8809,5.0909,8.3646,12.0934,16.2882,False
1205,583deb9e5cf939a9daeb838d0771f3b5,6,chair,5.9462,29.4724,59.386,78.7705,88.049,False
1206,b8ca8a0c021d152887bcae7a654cc37,5,chair,4.125,14.0031,22.8499,30.1591,38.4702,False
1207,1ef99f4e735ceabad97996b11dc03f35,0,chair,4.7495,16.1273,26.8089,35.381,40.4841,False
1208,ac041c720dc66c06d1c83bc8b134e4d8,0,chair,6.0738,27.549,48.3884,67.1635,76.0232,False
1209,f7b52f9c95ebaf3ff91663a74ccd2338,8,chair,6.9859,24.8738,41.7731,50.8246,58.1466,False
1210,801fe0b3a0e555a937b2bb75885cfc44,1,chair,5.1923,26.4782,46.8907,62.2267,72.7139,False
1211,c0857de5101f704f3c5e1addd9922bf2,4,chair,1.3929,7.92,22.3644,32.4476,40.9913,False
1212,50415355dff6f4e0c2c1a442b53fa053,4,chair,12.0868,53.7158,79.1792,88.5003,91.0071,False
1213,d66fe5dc263064a2bc38fb3cb9934c71,8,chair,5.5554,20.1728,32.6264,42.354,51.8951,False
1214,9b42da9217caaed8f51fa0238791f5dc,4,chair,3.9494,14.0571,27.0465,39.5598,50.88,False
1215,7f647aa4750640fdaf192dd05d69c7a2,7,chair,1.4345,17.0994,43.8906,67.7413,82.3223,False
1216,807c16e4f6f2c5852cf52ec1a1c9b69d,8,chair,0.0,0.0,0.0,0.0,0.0,True
1217,5bdcd3d77e1c91f78e437a27fb25efdf,0,chair,0.0,0.3733,0.7842,2.9095,6.1505,False
1218,731d9114eecdeff93454e751432992d2,8,chair,1.4653,3.8015,6.4277,10.0879,13.5102,False
1219,33442081ed6e32c4504af6e1321617aa,8,chair,5.283,27.8297,58.4708,73.2968,83.365,False
1220,8707cf0c311ba8f34b3c42e318f3affc,4,chair,1.5484,11.1429,25.7208,41.1049,59.217,False
1221,588ca1d34f93eddd8ee30571b0da74e4,0,chair,1.5097,6.9122,11.5688,15.3867,18.6863,False
1222,184007a6dee70847c2a9692bf3ba76d3,9,chair,5.7983,29.3761,49.9658,65.1933,74.6722,False
1223,5fd2d226435431976f283df3449ca535,7,chair,0.0,0.0,0.0,0.0,0.0,True
1224,26e8033e59a3adf6bb53a6a5f5051240,1,chair,1.5,5.2388,8.5433,16.4138,23.0881,False
1225,379f0efc898d7a7e9fe74a48bbc553d7,6,chair,0.8471,4.804,9.401,12.4493,19.3333,False
1226,6ec4d5fa96861bcd70311dea98ba710d,7,chair,1.68,6.031,11.4511,17.6697,23.8249,False
1227,d3a958aa302f198b938da3ea2c9e0e4f,9,chair,2.6526,11.6476,18.1833,23.3834,26.7162,False
1228,5ebe4b9a29d5c0274de7ed732f5aeea4,1,chair,3.3778,9.8824,14.7942,19.3613,22.8624,False
1229,94f5c52453dfea0b6606be97908355b5,2,chair,1.9717,4.3876,6.1437,9.3208,11.6761,False
1230,a241ab0fe7fbb1f41dea5e6084523ee,8,chair,1.8884,7.6557,10.9032,14.4454,18.0166,False
1231,69933c14a02d65166e28ffc6e1f368fe,6,chair,3.3493,17.0847,29.6351,39.9191,47.5321,False
1232,44b0b359d2eab610c2a3b7c9bad24907,9,chair,5.1495,24.5964,47.5645,66.8723,79.4031,False
1233,6e46e4cce527abc114d449899f34bd9d,5,chair,0.0,0.0,0.0,0.0,0.0,True
1234,7740fa5979753c734209d14d674fb332,7,chair,1.7143,7.1124,10.6389,18.1982,26.0663,False
1235,c54a464d63efcab2c389b3ea958c8248,6,chair,0.0,0.0,0.0,0.0,0.0,True
1236,e118a2870622acaf65ba78ad9601cf1b,8,chair,0.6154,1.6429,5.9209,9.9992,14.3503,False
1237,96af52c34e42b546cd2c9316e943c316,2,chair,0.0,0.0,0.0,0.0,0.0,True
1238,a8641cd287bcaa2011fd5138fde4c9dd,0,chair,0.3956,0.7955,2.1756,3.5363,4.878,False
1239,e50a97aa15d7cbc5972e15b580d9a5b3,1,chair,4.1553,10.1911,15.8886,19.0402,22.0602,False
1240,681f4302a8bd9698f4b6538438a0b930,7,chair,5.1379,26.2586,47.1977,60.6309,70.4558,False
1241,df9eede2969408d0bd2b1bd66a734698,9,chair,2.8814,8.8732,14.6005,17.7301,20.5372,False
1242,470d626518cc53a2ff085529822a7226,1,chair,7.98,34.3055,59.0227,74.5108,83.2856,False
1243,9e9dc51a4e0db2e4c3bd24f986301745,8,chair,3.8494,23.0911,49.4156,67.7823,80.8862,False
1244,9cd0529b7ce926017dbe6b236c44c533,4,chair,4.1835,9.9,14.9931,19.1598,25.3135,False
1245,cbc47018135fc1b1462977c6d3c24550,8,chair,3.3493,19.2953,41.9224,61.8559,75.1775,False
1246,3b0ec945e7290c3a6a0677e97a0ab6ed,2,chair,3.6973,18.6638,40.7332,58.9095,70.0173,False
1247,4b785965d54454a4e82cbac5cad4b7d3,1,chair,3.6973,19.293,43.6854,63.823,78.9556,False
1248,9cf25518a8d3eecd9c48aa7bc7cbcce7,9,chair,0.0,0.0,0.0,0.0,0.0,True
1249,e3adf2e6b3c3b015b63c025d1a57d1e5,8,chair,1.7944,12.9066,30.7231,49.2188,64.5671,False
1250,736ef1325209503533d93f57729688db,2,chair,0.3862,0.3956,1.1803,2.9204,5.3785,False
1251,4fd20c1142b642221403e6cccbe91852,9,chair,0.0,0.0,0.0,0.0,0.0,True
1252,720bc3f0677a75fb2f134420f7b0d7e6,4,chair,1.7486,11.1698,24.7481,38.5977,53.1041,False
1253,e3bc0a03103cf84e7a471a654ffbc436,3,chair,1.2923,7.0968,13.2542,21.4473,28.408,False
1254,ba45d6c491637dc5820018801b237b3d,6,chair,1.35,3.403,8.0769,14.6109,29.5978,False
1255,43c71ca7f9d3dceb8b0742c681b435de,6,chair,3.4319,11.5,19.367,29.4165,41.9673,False
1256,9e54053a1b16299153c5215ed09cc4b0,8,chair,2.1488,7.0086,13.1774,17.2097,22.2938,False
1257,3a98a93f381ff5fb4b3c42e318f3affc,8,chair,2.496,14.6457,29.1914,45.995,59.8798,False
1258,8c281caf626df58671a782a4379556c7,2,chair,2.2489,15.6841,39.3148,58.5694,76.8317,False
1259,d107532567ee3f316663d1953862c637,6,chair,0.0,0.0,0.0,0.0,0.0,True
1260,9531ea3018e8bc70f81c330016997d42,1,chair,2.9467,18.0098,34.1975,45.764,54.918,False
1261,c7da2d72f9927f1881dff5c2e57ad46e,1,chair,0.0,0.0,0.0,0.0,0.0,True
1262,63da17eda9d415b5319c5e90e9cc9126,3,chair,3.6493,18.5995,41.065,60.2197,78.9919,False
1263,9ad2ee3a38a3d0ce3b32c8e0ac22ac44,2,chair,4.0494,15.3489,30.192,46.2604,56.7503,False
1264,6730fb4ca7c90ddccd8b2a7439d99cc3,1,chair,1.575,7.8946,13.4035,17.625,20.7119,False
1265,cf662e6564c5c3c5ce60514f9a637ce,0,chair,1.4483,10.9614,25.8235,38.6174,48.3647,False
1266,f10263256eeb840b732c9e6120e90cf8,3,chair,0.0,0.0,0.0,0.0,0.0,True
1267,49d4f5dc155b7b8a55f46d55537192b6,1,chair,0.0,0.0,0.0,0.0,0.0,True
1268,e8c1417f4eec96d228a7992bee4d8cde,1,chair,0.0,0.0,0.0,0.0,0.0,True
1269,eabdb3aa920b216820b64028d2efc877,5,chair,0.3429,0.8936,2.7769,5.8677,11.4884,False
1270,a69c999cd76e29862f8c68dc62edc38,9,chair,5.6974,26.6982,51.5455,69.9093,79.0951,False
1271,28b605f55e21acffaf88fb4321b22872,5,chair,0.0,0.0,0.0,0.0,0.0,True
1272,99867a25638b6809b91b871e750ca615,3,chair,1.1478,9.2086,23.1933,39.496,54.5984,False
1273,6e98c5d61e008b4c2871cc0b3cc1a485,8,chair,1.2923,6.8972,19.819,30.1148,39.4576,False
1274,28bbb851dd01a162a5615d35d4766b93,1,chair,3.7493,22.518,40.2425,51.2982,59.6998,False
1275,4ab439279e665e08410fc47639efb60,9,chair,6.1855,33.591,58.0364,67.6867,74.49,False
1276,6bff9667fa51178ce9930a50732a44eb,3,chair,1.0839,1.8895,2.6902,4.1733,5.8318,False
1277,d374912c3a9fca96c141a04b2a487fd9,3,chair,2.1156,6.5224,10.5722,14.8219,24.2243,False
1278,675c6c0c5c9a4a8a3bad033fffa5c327,0,chair,3.4521,10.1053,14.9117,18.088,21.4962,False
1279,4f22f44c331ad407166390f4a0367453,7,chair,0.0,0.0,0.0,0.0,0.0,True
1280,24bbe7f32727901aa6fee8e2140acec9,5,chair,2.6526,8.0156,16.0837,25.7621,38.0351,False
1281,43a275d9bd008a64bb0085d0daabdaea,3,chair,2.0,16.2847,39.4154,58.8746,70.9481,False
1282,e3479f55f5894bb3c7f1f7c0570e288d,0,chair,0.0,0.0,0.0,0.0,0.0,True
1283,u45c7b89f-d996-4c29-aecf-4b760d1fb2b6,5,chair,0.0,0.0,0.0,0.0,0.0,True
1284,b2ba1569509cdb439451566a8c6563ed,7,chair,1.4733,7.9401,13.5385,19.518,23.7456,False
1285,790d554d7f9b040299513f98ce033426,4,chair,2.7418,18.0332,46.4373,70.3966,84.3262,False
1286,1ad766f9e95ce308aa425ecb668e59de,5,chair,1.8,10.8313,30.0197,51.105,66.732,False
1287,6be6173e7eea5888a616caf97d73fa02,7,chair,0.0,0.0,0.0,0.0,0.0,False
1288,dac4af24e2facd7d3000ca4b04fcd6ac,0,chair,3.5972,15.0939,27.7249,38.7273,46.7898,False
1289,eab859ac65d47f4e6412cccabcef91eb,9,chair,3.2639,11.3875,17.7727,22.5491,26.7118,False
1290,a11592a10d32207fd2c7b63cf34a2108,5,chair,5.4459,23.7492,44.1726,62.5263,74.134,False
1291,a996cc501faa4ec841c6494d29fffa82,9,chair,0.5379,1.5473,3.6764,7.5949,11.1429,False
1292,27574a49bb8055ace6fe3612af521500,6,chair,2.1488,15.3584,33.5973,49.564,58.2296,False
1293,3fdc09d3065fa3c524e7e8a625efb2a7,4,chair,1.5529,7.3988,17.3111,31.1851,40.8452,False
1294,20ead42180f1ba43ec7d59bee49bd15,5,chair,1.155,1.7959,2.4961,3.5699,5.4123,False
1295,31423159297243ded65766fd3c4f994c,1,chair,4.0444,17.1352,28.7711,41.5525,54.1136,False
1296,6a7050042fbc77d5635418e95eea8a17,7,chair,0.24,1.3935,3.5294,7.2279,11.264,False
1297,93556cf01e19f638bf80985a99195eb8,7,chair,0.0,0.0,0.2857,1.8077,2.6759,False
1298,c46ed3a68dcef72039b07b3056a2842b,3,chair,1.9826,4.1818,8.0393,10.5528,13.2911,False
1299,f215c608fe63e97d4aada2bcdc05aa43,5,chair,1.7967,4.7148,8.9933,13.5112,17.4429,False
1300,fe56059777b240bb833c6c72c4b62a4d,5,chair,5.7391,29.5097,49.5336,66.5353,73.2952,False
1301,6ac7b2ef38226e3d26c2e61baa2a8130,6,chair,2.7679,9.5752,15.9298,20.4942,24.1933,False
1302,8b52303e5ee47ac617ffa9a4ab48724c,7,chair,3.2896,10.3811,16.2874,22.6466,28.057,False
1303,b773f81e938f95ed65ba78ad9601cf1b,5,chair,2.5185,7.9674,14.6459,18.2573,20.9265,False
1304,f0b50b64918ef41b990561fc34164364,6,chair,2.24,14.4796,28.8073,42.2822,52.7713,False
1305,75acccc933a08ebd2afe8d5254a0d04,2,chair,0.0,0.0,0.0,0.0,0.0,True
1306,76ee694df725b5b4664b3b9b23ddfcbc,7,chair,2.64,9.3789,15.5556,24.1805,34.6667,False
1307,432138c30378b2a8e1b6c3a3e12d929a,9,chair,2.7964,18.0266,40.5051,61.3896,75.89,False
1308,44b317a5dc651210e76bc197b3a3ffc0,7,chair,2.2776,7.8158,10.3758,12.2222,15.113,False
1309,6dd44ada2f481c776dddf6f75fbd4a4c,7,chair,2.6328,6.3771,10.4238,14.7983,19.7493,False
1310,b65c3e0800f1c67cf70828d0af10edf3,3,chair,4.5457,15.7164,28.4451,39.2793,46.7764,False
1311,3f60205b1eef5555a4bf007e7299d9cb,2,chair,2.3625,10.4296,22.4238,33.9751,49.5686,False
1312,866aa287bde4cff9bfd324d8acaeb3f2,8,chair,6.1463,34.045,66.4898,86.5846,94.5769,False
1313,d6f2d44c693d2e857062f2d72cde5c95,9,chair,1.5529,5.549,10.1855,18.2566,29.7631,False
1314,5142e809212f8c314500047017815f5f,6,chair,0.0,0.7368,3.0851,6.6416,9.4339,False
1315,d661b52c3763eec020768660cf080d12,6,chair,3.5342,15.9068,31.8235,46.0232,56.9255,False
1316,3f8d0d53e2bd74124b3c42e318f3affc,3,chair,3.7403,14.9848,28.4155,37.1777,44.5169,False
1317,12f4d8c20ef311d988dcbe86402c7c15,9,chair,2.7,16.5467,34.3763,52.8922,67.8882,False
1318,9db73a6184c82d33f28699debac30ad6,4,chair,5.2457,24.5963,46.363,62.2043,72.7411,False
1319,1f82011c2303fc7babb8f41baefc4b12,6,chair,0.0,0.0,0.0,0.0,0.0,True
1320,e2ced471afce616454bfa32aa0766acb,2,chair,7.4947,37.435,69.5484,89.374,96.4145,False
1321,1e4fb9149de6be81f51f77a6d7299806,8,chair,2.6407,22.2559,38.1496,54.2727,70.6774,False
1322,aa93247a7fa69991e074517a246f1e65,6,chair,1.2923,5.0579,10.8178,18.1364,25.4221,False
1323,d85b661f2c9345f819fb4103277a6b93,7,chair,0.7,9.8774,24.9317,38.8651,53.7706,False
1324,5ce845f80b1d407282dde982679cd879,7,chair,1.875,6.2156,10.839,16.383,21.9628,False
1325,25871aa50531fbfc741e88434245c899,9,chair,2.0952,15.5949,34.1242,52.9219,67.4453,False
1326,4019ee7cc7cc5f9e74dc49346c29fd4d,7,chair,0.0,0.0,0.0,0.0,0.0,True
1327,8f70be87d6eeefdf213c3458a0fe5598,3,chair,0.0,0.0,0.0,0.0,0.0,True
1328,2060f4d31feb73dd7762ba3a489df006,2,chair,3.8897,18.8856,32.9072,43.2657,52.897,False
1329,f347f2a3d85c9a823fa92d98173c06f,6,chair,4.0444,18.6198,43.8223,68.556,79.0755,False
1330,5f30af30db19dd23afd330d4b2aa45c9,5,chair,2.0195,7.3146,14.2083,25.1527,34.5292,False
1331,fbd890f1f0280b884b47ef9f38e7ab27,9,chair,3.7895,11.4975,18.406,23.1935,28.6973,False
1332,4a9ac9e0b3a804bc8fb952c92850e1dc,0,chair,2.1488,6.8221,11.7314,16.8612,20.8537,False
1333,bfc6b2328c9c12bf283b00891f680579,7,chair,1.8378,10.3636,27.7513,47.0456,58.5141,False
1334,c1d4fcbf5bb6ad11c5beea20858a99d5,7,chair,0.0,0.0,0.0,0.0,0.0,True
1335,3dc79f23cd284bd8ece416489129c313,8,chair,0.0,0.0,0.0,0.0,0.0,True
1336,9e519ddc82bb9417813635269a32e293,8,chair,0.6118,4.0122,7.9535,13.26,17.8971,False
1337,8b4b176d9393676d5e1f306d831137e1,9,chair,0.0,0.0,0.0,0.0,0.0,True
1338,3d66c60796d59662ea693790a1608aab,5,chair,1.6364,6.4576,13.8641,27.7218,42.985,False
1339,5d3060a3470d853dfebad4f49b26ec52,3,chair,5.9496,28.1108,52.0694,65.1783,75.917,False
1340,8a9af7d8a83d90fcd53e36731300f5b4,5,chair,3.5324,18.8718,32.4548,44.2277,55.6062,False
1341,695a02a5620aae6e78eec18a8a3356a2,7,chair,2.6963,17.443,36.3297,52.0969,64.95,False
1342,fdac1f9c0b030841c8687ff9b0b4e4ac,1,chair,2.1395,11.2266,23.049,29.946,36.3241,False
1343,6731a24561fe44839b92627dbcf8ae26,5,chair,0.3692,1.1569,2.1442,3.6861,6.134,False
1344,df84087fe057385019e48122ff512ea5,6,chair,4.9455,29.4194,59.7632,76.2196,84.2642,False
1345,c29f439d92c7ae8d6d26324fae5ec3af,1,chair,6.5939,32.5277,61.4056,78.2087,88.3006,False
1346,fa0e922a339bc7dfeb9a9ca952f63e23,4,chair,0.0,0.0,0.3972,0.995,0.995,False
1347,671d51da473849c7369a4f66bf103682,7,chair,2.6963,11.6636,26.365,41.1331,50.5084,False
1348,5752f7caf0dbbe4d94210977e5394f26,6,chair,4.1349,24.5094,41.5749,55.3803,68.4625,False
1349,8e581e01a8b742214e3003b3c5dcc179,0,chair,2.4615,8.8248,13.8224,19.6575,27.1752,False
1350,ced9c5eee916cce089c398a8a379054a,7,chair,0.0,0.0,0.1,3.6709,15.0157,False
1351,5d959b0f79a22e8c67c9124d122355ab,2,chair,2.039,7.5419,11.1493,14.9008,17.3368,False
1352,59fa70f195fd4ac6ae8c9d3b8c4b9bc3,4,chair,2.3489,16.4955,37.5775,55.4808,72.6662,False
1353,7710ecf956701938b40f0ac0fb9a650d,3,chair,2.4706,8.3265,14.8806,22.6916,31.6117,False
1354,bd0918d75e22cbf9febad4f49b26ec52,8,chair,3.6973,20.3981,42.761,60.5474,74.2973,False
1355,49a60133d6b05b8d19fb4103277a6b93,5,chair,0.9474,8.5256,23.3874,41.3135,55.2243,False
1356,108b9cb292fd811cf51f77a6d7299806,3,chair,0.0,0.0,0.0,0.0,0.0,True
1357,b6de66042941f5691301e24e9e27a9c3,9,chair,3.1429,16.9167,31.5376,43.5953,55.2265,False
1358,fe53dcce9a30c5b5348fedb5a291187e,0,chair,1.3929,9.0365,23.4768,45.7582,66.3299,False
1359,eb1d92be1e6bd84c4d9a43d557cf49de,7,chair,0.5609,1.367,2.7228,4.7852,6.5267,False
1360,3aee7c282063723d8a17805dbfb751e2,3,chair,2.549,15.769,42.4596,66.814,77.252,False
1361,3c786ff99885e95c685d4893e4ba8951,1,chair,2.5412,14.8485,37.7945,61.8639,81.9521,False
1362,32f007e84efcb9d12cba66dc6aeabcd4,0,chair,0.0,0.0,0.0,0.0,0.0,True
1363,f913501826c588e89753496ba23f2183,3,chair,3.6493,18.336,38.1035,59.5734,72.901,False
1364,9570ea7fa3a0ef775436c76691cf3d3,2,chair,5.3271,25.1332,44.5338,59.1487,69.5242,False
1365,1a6f615e8b1b5ae4dbbc9440457e303e,7,chair,6.9209,37.8406,66.8392,78.4408,82.8834,False
1366,86199aed92fa1f68fd60059ad8523f1a,8,chair,4.3448,25.869,51.7451,71.43,82.491,False
1367,d38129a3301d31350b1fc43ca5e85e,6,chair,3.8974,18.3804,39.3967,59.9744,72.7101,False
1368,c1a0882e6e8f8b082b722fc42ccb4c6a,3,chair,3.1507,7.125,11.3077,14.6631,17.9905,False
1369,8f248770aa0b4d41e6fe3612af521500,9,chair,2.24,17.7593,40.8144,65.9946,82.7935,False
1370,6621723f7af35f2dcd344c2b2cefcda6,9,chair,11.048,32.3673,48.5892,66.607,73.3205,False
1371,3f12570d87da2383492664434c74d812,6,chair,2.1156,9.0822,14.7794,18.4637,22.8957,False
1372,6eebd118abb1b4146d60aef5fe7e2185,1,chair,2.449,16.0498,42.307,64.4967,77.5229,False
1373,3aaa59b19eebcb5f41552c6ecbda964b,0,chair,1.1,5.8678,11.7109,15.7145,25.7119,False
1374,9bdb034f30c404edba1028cd22cb8779,0,chair,4.8673,17.6765,30.455,42.3427,53.0472,False
1375,44aed693950b077d4f9691cdd5f8749,0,chair,0.9474,5.9008,16.3459,30.1544,39.3995,False
1376,56f9ae090d2fe856ad5067eac75a07f7,7,chair,2.5333,8.6459,12.469,16.8446,20.6182,False
1377,1b83311557e48d6328145ddc1e2c18e1,2,chair,5.5317,11.9226,17.259,22.9356,26.9408,False
1378,31fc10f348cdd2f77f754cef9da1323a,0,chair,6.3496,26.6026,52.4362,72.5577,84.0021,False
1379,260768554aa1a64f2180a9964be89fad,4,chair,2.1818,6.2123,9.0434,14.7158,23.1902,False
1380,2a6b8437623a374e504721639e19f609,9,chair,1.4483,11.7992,26.7717,41.839,54.0,False
1381,5e706e87ca60bd19ecb01bc908e8cea6,9,chair,6.8986,46.0456,82.1995,96.2996,99.2,False
1382,9910380fedce395e80165d5b901b6e64,6,chair,1.4,13.6971,34.6043,51.4755,66.814,False
1383,2f0318b23d899a84493f17f4fe9b9eb2,1,chair,4.0471,7.9114,11.8823,17.4539,22.1966,False
1384,58ad100d70e436bece93f2bb0b6d036,4,chair,5.3,27.0055,49.955,66.2614,78.8715,False
1385,4a9d3ce54c09a2da696b74614952b2d0,2,chair,0.0,0.0,0.1998,0.7968,2.7613,False
1386,4b3ddc244c521f5c6a9ab6fc87e1604e,9,chair,1.6364,8.7107,14.4751,19.0702,22.4297,False
1387,6b91f4fb8cdcd6f46fe24f5659031935,1,chair,2.1,10.2961,22.2457,32.1462,40.2799,False
1388,f6810de4042cc5ce57bd4bc6eae9b341,9,chair,1.98,7.4615,13.1196,17.6082,23.3906,False
1389,6ad7e3a8e6f3ed1dd068cfb43a81fc7,0,chair,2.5412,13.4166,33.6755,55.025,74.3332,False
1390,a6009749fd05fed82d19175e7d19b7cb,1,chair,4.8495,30.7136,59.4798,74.7106,85.7608,False
1391,877391ca125a5ad07a56985e287037f3,2,chair,0.0,0.0,0.0,0.0,0.0,True
1392,5c95a378674a05b313236fa00fce09e4,4,chair,0.8471,6.7459,15.6616,28.5258,37.7485,False
1393,8757370fa33bc4e9419786e9c37fabbe,6,chair,2.5962,15.1529,35.4667,54.1115,67.2049,False
1394,c520bc9dde7c0a19d2afe8d5254a0d04,6,chair,1.2,11.1229,28.5851,41.3094,50.2612,False
1395,e5f381dd81cca6a36a348179d243c2c5,1,chair,1.5355,10.0644,25.6445,38.9009,50.0834,False
1396,1d1b37ce6d72d7855096c0dd2594842a,1,chair,5.6974,25.4809,41.3619,54.8534,64.8643,False
1397,29876b641047897f9bbef973cc1034f9,1,chair,1.7778,6.4883,12.3777,14.7794,17.1672,False
1398,c06a8f95fc273106b0f4a0d43d1e4c23,5,chair,0.0,0.0,0.0,0.0,0.0,True
1399,5b5d0af8426e604df1783a44a88d6274,8,chair,3.8338,19.967,41.434,62.6477,72.0872,False
1400,4171071eb30dcb412dd4967de4160123,2,chair,2.4,12.8265,32.0,53.4994,70.0119,False
1401,63d45791c56483bb2662409120160a57,7,chair,0.1941,0.5936,1.9645,3.3388,6.0136,False
1402,b67aacec8e98edded0b19424de5f7fe4,9,chair,0.9,11.3509,24.4365,35.8444,46.1777,False
1403,85d0d147adcb6318b8e1b99345a5afd4,5,chair,0.0,0.0,0.0,0.0,0.0,True
1404,34722e50142652e53a5e6305a3a7adee,1,chair,0.0,0.0,0.0,0.0,0.6769,False
1405,69314c01e2b6ef2a95a4f7ae0be930ac,6,chair,2.4408,19.0525,39.558,57.9193,69.5323,False
1406,113016635d554d5171fb733891076ecf,2,chair,1.92,5.4779,8.4204,10.8022,15.9656,False
1407,3e427b76d051cb9ccdea755aedb6e3f3,1,chair,3.3977,6.9841,11.263,16.0335,23.2714,False
1408,6caccdad9f8d4f0a7f1cdfc0a8f38f2e,7,chair,1.4882,5.0787,9.3913,13.3138,21.6494,False
1409,2a1124c7deb11176af42602f1636bd9,0,chair,2.8092,6.923,9.847,13.4301,16.6819,False
1410,c05ed12b1bb79ef6d8e8a8a207ee5bd2,4,chair,2.4,17.2321,40.1034,60.1395,71.5556,False
1411,d7e4851fb3001a10f652f706160dc96d,1,chair,1.995,12.5802,28.7117,42.8941,57.7788,False
1412,3d3b7f63f5525b1ae37f5a622d383617,7,chair,7.5537,16.6561,22.9058,27.1171,32.5479,False
1413,1bdf0a0bb9db1db68998b3b64a143d42,7,chair,2.7964,17.7403,34.898,49.001,61.4041,False
1414,2c2a5f5a8931fa0822f0b32ec619eee6,2,chair,2.496,14.1413,28.9945,44.2251,53.7164,False
1415,8e853d5bb145c11486c701087a194026,8,chair,1.995,11.4393,31.2949,51.0178,67.3186,False
1416,a7154b3c2b2a0641a9fe1734a6086750,1,chair,3.6611,7.5369,10.2815,13.0841,15.8379,False
1417,4602fbcc465603882aca5d156344f8d3,5,chair,0.9,6.0463,14.5664,23.3654,31.8997,False
1418,420ca6eac51267538a2d6a427829a3,0,chair,4.4494,22.1093,44.5011,59.4658,70.8331,False
1419,89b05900bf1df4d8c8687ff9b0b4e4ac,9,chair,2.7,15.8758,32.9306,49.3,59.4042,False
1420,ff143c09dbfb0e8029e513fd785f7886,6,chair,1.9487,15.0627,35.1939,48.5504,60.0762,False
1421,d1b03eeb33fd441d8189e5e3786f2290,0,chair,0.0,0.0,0.0,0.0,0.0,True
1422,50faa1777b012058492d9da2668ec34c,3,chair,8.585,32.8386,54.1998,68.8092,75.5165,False
1423,d4d7607336810a548b95c9b52cba3b9d,7,chair,2.4408,9.375,19.3327,33.547,47.3899,False
1424,d04a1ec4ac9de6d6eab55e294b4eea02,0,chair,0.3758,2.0079,4.2473,8.338,10.6398,False
1425,2edba114d2e9454295bea7c29e873d16,5,chair,4.4978,26.063,50.6504,66.9086,76.1955,False
1426,42e1e9b71b87787fc8687ff9b0b4e4ac,1,chair,2.5333,9.3124,13.2555,19.9713,25.911,False
1427,eda92b7bd76d8bb0b083574fdbdf0a98,0,chair,6.4843,19.1289,27.2267,33.8674,38.872,False
1428,95ff15679bc2d2bfab41e4eb455c2269,8,chair,2.2857,6.0278,9.1055,13.7396,19.6521,False
1429,557542994c02cffce83221ad0d21775,1,chair,1.5484,9.1308,28.3362,48.6346,64.8908,False
1430,da443e90e376b024b0f7e9a1c9f6c90f,4,chair,4.7453,22.7486,37.265,47.1906,56.8127,False
1431,fc5f813d499cfd84d540c52e6ddbbebc,8,chair,4.4449,24.0373,50.674,67.3751,79.6592,False
1432,a54a6ee9263bc1eaf4b6538438a0b930,7,chair,1.088,3.6256,7.8277,10.3449,12.8492,False
1433,c8cb59cef2f091e78a44b4d4aac56cc,1,chair,10.8479,40.8509,65.4998,76.8135,84.9678,False
1434,9a3a80065f75e33d822e11aea23332c0,0,chair,1.9487,13.9886,37.4,59.0858,75.4205,False
1435,2592e69aaa2344292463e74275a0e3c,4,chair,2.0488,10.7903,22.252,32.2626,38.9851,False
1436,1b8e84935fdc3ec82be289de70e8db31,5,chair,2.6415,13.4671,26.174,35.5554,46.9075,False
1437,27317a0db349369c8b74e4684f0d409d,3,chair,2.484,17.7983,34.8052,57.6279,75.3601,False
1438,d0fa70e45dee680fa45b742ddc5add59,7,chair,0.0,0.3992,0.7968,1.7839,2.7613,False
1439,8f2cc8ff68f3208ec935dd3bb5739fc,8,chair,2.64,10.1053,15.4913,20.5665,24.0547,False
1440,781677297ef4db1ab0b54dd2cf2a35d4,3,chair,3.7333,18.6478,36.5215,52.185,61.6771,False
1441,dfd7e14d25b81c1db5d9b03636b8bad3,9,chair,1.8486,13.8282,29.2877,44.1146,58.9668,False
1442,a07f62023d3784839aab0d90d6455f4a,0,chair,2.2609,9.9009,15.022,18.4196,21.9545,False
1443,57406cae1c2978b40c306db1f141b05,3,chair,0.0,0.0,0.0,0.1333,0.7536,False
1444,ca05bd1afb0ffeaf6b9a484dedfb7d25,2,chair,0.0,0.3949,0.9932,1.7836,3.1496,False
1445,929ab79b4f45f747e6fe3612af521500,3,chair,5.2935,23.1037,39.8341,54.7449,65.1958,False
1446,2dca240a3726c004a83826e22c7812a6,5,chair,2.3,12.8635,30.637,43.875,55.5093,False
1447,acbc30795b9826ec283b00891f680579,1,chair,5.2114,25.0729,46.6933,62.9029,73.0094,False
1448,3466b6ecd040e252c215f685ba622927,6,chair,1.6121,9.1099,14.4444,20.477,26.6897,False
1449,f891816329ecee93774476b2e205b9b7,1,chair,5.4709,21.3086,35.558,46.6761,55.3711,False
1450,37235898ebd06b3b504721639e19f609,8,chair,4.039,11.8888,22.9767,32.5261,42.6947,False
405,702edad0d2fa9eda2a9eb0f146e94477,0,car,2.1818,11.44,21.8674,32.2858,41.1901,False
406,be7fe5cfda34ba052e877e82c90c24d,6,car,1.1478,5.823,11.6875,24.1771,31.8779,False
407,ae852f7f30bfdbcdf9d73bbb584eaa42,1,car,0.0,0.0,0.0,0.0,0.0,True
408,d849e0fee026c98aeece2324fbbe339,7,car,4.7453,20.1012,35.7304,46.4247,52.8595,False
409,8bf8a7694267756e3ab3dfa44f5fab01,8,car,3.3433,13.0414,23.6617,33.8235,41.9358,False
410,355e7ad1d5664421898b91227342b00c,2,car,0.0,0.0,0.0,0.0,0.0,True
411,7b2ad420c7829e881cae32f43c09c982,3,car,0.1875,2.3644,4.1135,7.5072,12.9093,False
412,cc8b44ddf6ec80fffd8e7b05498794b9,4,car,0.9,6.0,12.1061,25.7453,35.8656,False
413,1c351358afff1cc582e5e3e7771ea25,7,car,0.6462,6.4812,13.8238,23.7498,36.8749,False
414,42134787c805fffe1ab9df4be75138d0,6,car,4.4872,14.5951,27.75,39.1898,46.7464,False
415,fce2b933f93d132f4f45033b2f001552,5,car,3.8442,17.8429,31.4249,40.5333,45.8444,False
416,ea954837920f94e6f58ff156bb8fae0c,4,car,0.6462,5.7488,10.9734,15.596,21.6228,False
417,fd3b75f7f1e9172fb6f657757c95f74e,9,car,0.0,0.0,0.0,0.0,0.0,True
418,65c067fcae3292d0e7540f431cab4686,5,car,0.0,0.5806,1.1541,1.338,2.5624,False
419,ee63549013035c385e28caa3b26a73fd,9,car,2.496,12.7742,23.2414,32.2759,43.2715,False
420,148ba646cf954b9249352dd33f95cb9e,0,car,0.0,0.0,0.0,0.0,0.0,True
421,6e25d6cd4b112d0654ed192f2298faac,9,car,2.0488,15.2539,31.2074,43.059,50.9536,False
422,5fc83a88645b1869514e3d96995c555d,6,car,0.1931,0.5953,1.5723,2.1621,3.1452,False
423,f76b9a9455b20cd875a45359f7e88a3d,5,car,4.2159,15.046,26.7288,36.6108,46.8093,False
424,1bb6b1ff46096f592dfac2620a0cf07b,8,car,2.8814,13.7537,27.4643,35.8411,46.3122,False
425,ccdd144f89a78f5c554ecfc23d9fc570,6,car,2.4,13.189,28.9961,38.1998,46.7061,False
426,8280b8d35355bbd56204845b7cb50f20,2,car,0.9263,3.4953,7.6942,17.0218,21.5023,False
427,83cbe72c4b5e9268ec89747d864c8515,2,car,1.3333,6.6463,15.5031,26.8548,36.6005,False
428,b6749c2b917d4aad949b12cf3977a48b,4,car,3.4,16.4203,29.8868,39.5222,47.2529,False
429,9e3a2cfb3c8a25909b2ccdf5f1fe9097,9,car,1.2308,6.9493,13.5835,21.5306,32.7798,False
430,1254c6ad2b420879d7622e6da48b19e5,4,car,3.1059,12.329,23.1296,31.0114,37.3914,False
431,9d82d5874349f623d834dead2eb68d68,4,car,1.088,4.4991,8.8518,17.195,24.9472,False
432,620e8aac415e9805ea752ba39dde460,9,car,0.0,0.0,0.0,0.0,0.0,True
433,58f447ce8de6b9794c40f34de8f3bdb8,3,car,1.4483,7.8878,17.0888,27.0601,39.7324,False
434,d3869e2527ff032623276041d0efb3cb,5,car,2.093,10.7771,18.824,29.0368,42.5686,False
435,f2b28cd6e6eaa9679393793f9cf3dbea,3,car,3.7108,11.8717,18.7584,24.974,32.1256,False
436,ddd17a0d7ca713f2291ea03049d40375,6,car,0.7,4.3936,10.1774,18.9049,28.4625,False
437,29b558ed31fcbb48a2cf64b275615f0b,8,car,1.2774,2.7648,4.3586,6.392,9.2057,False
438,341b474e01e039af59139efcde1fedcb,3,car,4.8816,20.0049,36.4161,45.5819,51.9469,False
439,894e186c1224c14f86590219e6a70ff0,6,car,1.7944,12.1224,25.4628,43.6759,52.1849,False
440,1e54527efa629c37a047cd0a07d473f1,1,car,1.8947,11.5291,23.5935,36.8879,46.7967,False
441,37249c6f16b203de2e877e82c90c24d,2,car,0.9474,5.3117,10.9528,21.7282,30.5322,False
442,f882454f6fe1c5bcc0e3666c7d0ec7d0,5,car,1.2857,5.4765,8.5197,15.3125,26.3024,False
443,30c86c4764df9f795686045783681fbc,2,car,3.297,17.1751,31.5106,44.595,53.727,False
444,eefce52130d223ba2dcbf88f7c685079,4,car,0.0,0.0,0.0,0.0,0.0,True
445,fe61764c0552c837d76439fb95cdd2ed,8,car,1.232,2.75,5.0136,8.7662,14.4077,False
446,ba0ac1d1e25d3fad63f2c3a55558a78f,7,car,3.4145,19.0355,33.3958,43.4977,48.4062,False
447,60c6194b6f164cdc30276fff5ca3093a,6,car,2.2609,8.833,15.7717,22.6568,30.5068,False
448,c34ef43ef8ccc3a701a8678a1e8d9e5,4,car,1.4222,4.5423,9.2364,14.4477,19.6573,False
449,f87f654f056b3679f4103381793c29f7,3,car,3.7895,19.5429,34.7476,46.9496,55.2392,False
450,ef966d85be54c98ab002e5b0265e7e9d,1,car,1.982,5.8179,11.0375,18.3162,24.5614,False
451,b8599e22b152b96e55e3ad998a1ecb4,0,car,5.5877,22.8825,38.3133,50.8214,57.6946,False
452,5c3fe4057ef12b6886ac29addefc0f11,5,car,0.0,0.0,0.0,0.0,0.0,True
453,4a23138e9dc20916147f7a82b2d95068,3,car,1.7838,5.8937,11.9552,18.6849,27.0426,False
454,d04fd72c36fbc71731d383b4a9dce77c,4,car,2.3959,6.0077,10.7124,14.6313,20.4626,False
455,7f2acaeb45b72793ce6183244062e7c,0,car,3.9619,26.5846,46.5862,56.9769,63.6268,False
456,189cffefcdd5cb071a126804ae24042,7,car,0.0,0.0,0.0,0.0,0.0,True
457,1c7a2752e1d170e099399ee63318a21b,2,car,2.3172,8.2447,17.8055,26.1326,32.9266,False
458,841d9f6bbe50ec6f122568beab222093,1,car,3.5556,14.136,24.537,33.6122,41.9464,False
459,d1acd4916d3d3b57c48db2ed8f5e994c,2,car,2.5548,8.3821,14.2154,21.4424,31.0121,False
460,6fce36e4df1eac4fa7fd25564c2e888e,4,car,0.6,3.456,7.3526,16.2328,25.2846,False
461,31389308f2b032ddf09fb258eb4b1e60,5,car,2.2826,13.0861,22.8663,31.4777,39.2627,False
462,a262c2044977b6eb52ab7aae4be20d81,9,car,2.4,11.4413,23.2022,31.4458,37.496,False
463,712826b933a6818c7e003129afd0cbfe,3,car,6.3319,19.5401,31.587,38.2873,43.7279,False
464,83491cab81e3a330bda733a39f84326d,4,car,3.5573,12.4045,25.5435,33.4723,38.0618,False
465,381bf84829066031a134736201a79843,3,car,4.5591,15.228,27.4286,38.2693,43.0121,False
466,d3f0b077f7134654e20af544ce47dd47,0,car,1.0636,9.3918,20.4304,28.875,36.6875,False
467,6dbb3c5d7ce105243afcf7df86a03c60,4,car,3.2143,13.8247,24.2382,35.7323,43.5124,False
468,34412b56217de1112b12ea83455b0f44,3,car,1.7371,8.0897,15.2006,29.5994,40.9146,False
469,9c827e532de4967285089a13cc567dbd,4,car,7.5806,16.415,23.8273,31.8859,37.5585,False
470,ebbbc8673928ad37308fb27494afe372,0,car,3.84,13.6216,22.7241,30.2826,37.424,False
471,e5c45e408595abe2bfff0ff366de48fe,1,car,1.8,13.7775,24.1813,32.1422,38.168,False
472,36a5117c64d8ca6ca10cf495b6dc4ef,2,car,2.0195,11.3119,23.4652,34.2574,43.5739,False
473,b9786e1b059a1712ca92a4cdad802b45,5,car,4.3182,16.7611,27.7111,43.2968,51.49,False
474,2236a1b9cde71eff13d31c5a107f3c4,1,car,1.6485,10.7673,28.664,40.5883,48.875,False
475,3b2e74068fee2458dd1e15301c83686f,1,car,1.6485,11.3871,26.2857,37.1377,46.5324,False
476,6482b8e8c8516a3b473f10e6caaeca56,7,car,3.0492,13.3781,27.4238,39.039,48.0305,False
477,1569406dfc3b7ecba9fe1734a6086750,9,car,1.3481,9.171,20.9265,30.213,36.844,False
478,747c49bca6d4ae9d7c84d27684eb86f7,5,car,0.6,5.6897,17.3478,26.6593,32.892,False
479,892266d574578810afe717997470b28d,6,car,4.3494,17.3972,28.1438,36.649,42.2124,False
480,f9f50e199b706caaa148ed368ea0303,6,car,2.2489,10.7306,24.5196,31.3088,38.588,False
481,347ffb0b0761c6ba8514fc08fc0d2ea6,7,car,2.1818,14.2318,29.1636,41.5585,49.5781,False
482,a8f7a7271a02fd56afe1d4530f4c6e24,8,car,1.0468,4.4048,11.3851,21.5595,31.3298,False
483,b10794a03c59e42d32a4e3dd3a89488f,8,car,4.3077,15.3739,25.8411,38.0437,46.1382,False
484,91c12a0bdf98f5d220f29d4da2b76f7a,9,car,5.1919,12.3554,20.1094,26.7286,33.0931,False
485,229d52c6df86197bc33d84e056f4fd5d,2,car,1.8162,10.9058,21.1376,30.6595,41.2157,False
486,96c404939bdba58331ec7db1bc2ab2b4,2,car,1.8789,11.9028,26.0932,39.944,47.3713,False
487,b2f3ab0b028eaabe443ea0e3853eed5d,9,car,0.0,0.0,0.3893,1.966,2.7566,False
488,18ff13d7f181e7625fa21635eac9e4ed,1,car,4.078,17.0493,30.4122,42.8352,52.9304,False
489,301d1c48d321d29f5d2921c9c16f3c69,2,car,2.4408,11.7594,26.1969,42.3331,51.6385,False
490,40f0bac5bcb4f8686ff5dbbe822945fd,7,car,0.0,0.0,0.0,0.0,0.0,True
491,ba817f535c2668081f757787330d376f,7,car,1.0909,6.5739,15.9052,23.7555,28.6346,False
492,477ffb061f40e10e148f8c864a546424,9,car,0.1993,1.3866,2.5666,5.258,7.136,False
493,9fa56c19e4d54cca99c8d14f483ffc82,4,car,0.0,0.0,0.0,0.0,0.0,True
494,6c85bbbbbea160bd81bcd6355b440fd5,9,car,3.4816,9.4128,18.6667,25.9311,33.364,False
495,aff67f837a958d2329984c4afd2e98a4,2,car,1.995,12.8679,25.8734,38.5314,46.8107,False
496,72502c40fc59b62f4fb68b983a4df738,7,car,2.2609,10.3855,20.4733,29.6318,38.334,False
497,bc533f9881b0775c3a0daf3e5400b95c,4,car,2.7964,16.9813,32.3202,42.3468,49.8698,False
498,6c7ed2d306fc7cfa4ccaa6b556a5ccc5,7,car,0.0,0.0,0.7968,0.7968,0.995,False
499,e625eb804f2fb6caa26598ab726b7540,1,car,3.7493,15.295,26.8295,35.0742,41.719,False
500,4dc19314aab40eb83a93df79ef2b80ef,7,car,3.7342,13.5771,24.1622,33.6512,41.4514,False
501,8fc3cde1054cc1aaceb4167db4d0e4de,4,car,0.0,0.0,0.0,0.6667,4.8957,False
502,f60779c934ee51eddd1e15301c83686f,8,car,2.484,14.4319,29.2218,41.1413,49.064,False
503,e28490350bdbdf679ad3ae277a5ccc98,2,car,4.0,19.6555,31.4655,42.5474,50.16,False
504,1a1dcd236a1e6133860800e6696b8284,7,car,3.5,19.4315,38.0754,49.7388,57.2357,False
505,e98955e5d46a492c036e20efe5e5ca8,2,car,4.4449,17.0886,29.2193,40.547,49.729,False
506,cd85df142f1999e5f38ed4497f2c53c,7,car,3.919,13.7598,22.608,28.6264,33.9016,False
507,6d083701a45fd0721ccbd9e5bb82dd04,7,car,2.0864,8.8691,17.2435,24.3312,30.812,False
508,ee9b3f31f40a0161b1fa0b2eada93a95,8,car,0.0,0.0,0.0,0.7968,2.1761,False
509,4c3fe644e76bb94fb3cf5236f651a8e6,6,car,0.1939,0.5939,1.5672,3.258,5.0858,False
510,358ddbe8b39125e9e81913b1de19c3f7,8,car,1.248,4.7686,9.3578,15.569,24.6115,False
511,eebc48c480032e45473f10e6caaeca56,1,car,2.2304,9.3807,22.8802,33.8021,39.7252,False
512,34b507c24d9eab7f7eaeab1f0c9120b7,0,car,2.5,15.0984,31.1084,42.5327,51.5389,False
513,d224a01422266fc51b3c1c9f0ad4025,0,car,1.995,7.6364,15.0746,22.0775,30.2454,False
514,c1aef2e67a9608511c4ba4758a592406,5,car,0.0,0.0,0.0,0.0,0.0,True
515,d76c9eb102316ac631a8860374e7eed,2,car,0.6462,6.4691,16.7677,25.0851,32.1346,False
516,4e9a489d830e285b59139efcde1fedcb,3,car,4.5913,24.0834,40.1644,49.0013,55.6107,False
517,42dae5b435c27851b11647ffa4306609,6,car,0.8889,5.1156,9.3964,18.9469,27.2151,False
518,414ae320397821af8bf92e87e504146a,5,car,4.1494,21.8105,37.9116,49.2575,55.9403,False
519,50840e502ec2a45aafe1d4530f4c6e24,9,car,0.0,0.0,0.0,0.0,0.0,True
520,385d82108ff7ee1be2720e351c87b6fe,0,car,2.5412,13.295,25.9037,35.3907,43.7127,False
521,dd1bc8c4063a6521456a647a9e7d914e,1,car,0.9545,4.9973,9.3873,15.5221,24.2705,False
522,910ba017e13a2220473f10e6caaeca56,1,car,0.0,0.0,0.0,0.0,0.0,True
523,82b9ce9740bfd28fe9fab7ec4b8a907e,4,car,0.0,0.0,0.0,0.0,0.0,True
524,4b339f645507508aa83aa2c84a424148,3,car,4.7242,22.8631,34.1613,44.319,52.5394,False
525,2131d5bcea38ce3a68bdb39538968e8e,8,car,2.304,8.9479,17.1777,23.5768,31.7087,False
526,f34c03711c3fc44ac10e9d4ee4bae4f4,2,car,3.1429,16.9587,29.8647,42.1851,52.0798,False
527,ddc5e41245918030f014feb3e3bb3ace,6,car,0.5091,6.5867,12.5873,16.686,21.2337,False
528,d8879578d668b458cf899c77ac8ff2f4,0,car,3.4319,18.7253,31.3402,39.8497,45.9198,False
529,e717bcb56d012a48b1bb46d2556ba67d,2,car,0.0,0.0,0.0,0.0,0.0,True
530,f6906412622f5853413113c385698bb2,5,car,0.1909,0.7579,2.2041,3.9791,7.8123,False
531,f78bf954495be532afe1d4530f4c6e24,2,car,3.1429,13.3805,24.4351,32.9577,41.302,False
532,74f7b559d6af926012f2e446484bbaf7,3,car,3.2431,15.7775,30.4404,38.5763,44.5431,False
533,45738568b9c0eb2ce2915d41189be12c,6,car,2.8862,13.0549,25.4652,33.2683,40.2644,False
534,ca44101f11f4346a34e8e5a47ae999,6,car,1.1478,6.0484,10.302,16.279,21.7679,False
535,a5c969e3401228d2c92e66330b5ca173,2,car,1.6364,6.3754,12.2707,22.6653,29.8771,False
536,1cb102a066270f79db1230abb5fc0167,3,car,2.5255,13.5197,27.1966,34.9673,43.0893,False
537,7c9136f3fdbd6c5938948312b270283a,7,car,3.3134,14.303,27.1265,38.2751,45.8635,False
538,1ae184691a39e3d3e0e8bce75d28b114,4,car,1.3481,9.7561,21.3551,35.9585,46.3433,False
539,ea7d39fcc3cf045dfc73a41845471b0e,4,car,3.9717,13.12,19.714,30.8997,37.0628,False
540,dfce5b313bebfba3ef8e28849949a11a,9,car,0.1,0.7319,1.8519,3.7655,4.8327,False
541,4e2ca20091449636599389919f6522e6,5,car,4.0989,12.0,17.4924,22.2277,28.6182,False
542,df91db4ada9bad0f9c0cac0d72a31ff9,7,car,5.6957,20.9505,33.0363,41.4,51.1943,False
543,1176dff7f0ec879719d740e0f6a9a113,2,car,1.3846,6.8889,11.2901,20.4338,26.0366,False
544,18d9ac72442260e0e97c6bb243ef67d,4,car,1.5355,6.7252,13.9318,24.7986,31.525,False
545,95ddaba8142bb8572b12ea83455b0f44,3,car,1.4345,4.712,15.0855,22.3219,26.3378,False
546,3bb3b6b85e4e42873680ae1a67758160,0,car,2.2609,13.5088,25.9128,36.674,44.0803,False
547,115170b8b44f9e2e5b2bb28aa7453162,0,car,3.8182,17.3289,33.5878,46.3929,55.6363,False
548,4bdcae58e18e4c94c1bbb501b1d87871,0,car,2.244,13.1237,22.416,34.7474,44.4707,False
549,a50a46d3423e7dcad1eb2a2149d13665,3,car,0.5739,2.3418,3.5282,6.0066,8.9626,False
550,e8c48b9ed916910ec800bf2938639a70,7,car,1.9024,9.616,16.8333,24.687,29.698,False
551,19c25429d34ce9748c844a5e3a5e1a93,8,car,0.0,0.0,0.0,0.0,0.0,True
552,3fefe1e60f5683db247a5be450795511,0,car,3.1429,16.9141,32.151,41.2353,48.0296,False
553,8a28abfb5751e767b9f455b31f6fc3b6,7,car,3.6892,15.2151,28.2846,38.8556,46.4,False
554,3134927c492c39e241d7734b73edc062,8,car,2.7857,15.8794,32.7436,46.2752,54.7843,False
555,fa9897315ee8b6ba67789dfcc3262f70,3,car,3.6438,17.3767,29.3973,40.4013,48.1316,False
556,e673f203b40ef869567880160b3acb12,7,car,1.4345,8.6626,16.9688,27.7477,36.1289,False
557,a720d17573022d9ac00fd1150223027,0,car,0.8471,8.4247,23.6203,33.7501,40.0097,False
558,98b30f0a29fe2a1ba7fd25564c2e888e,6,car,2.9867,17.8162,30.6736,37.7045,42.0579,False
559,a115d534edec6f89afe1d4530f4c6e24,0,car,0.0,0.793,1.7839,3.1496,4.4966,False
560,4d1dc1ad555807559b0a29632c8d0005,0,car,0.5455,5.068,10.9677,16.3605,21.2901,False
561,fd5a6dd153a455bdb112e5ac235c21b7,9,car,2.0622,7.0656,12.95,18.1148,25.9945,False
562,d652c35de82c3f3141fd6622cb2ed89d,5,car,0.0,0.0,0.1882,0.7484,1.6724,False
563,84dc5b9d1a60419b7cbc6cda01aaca49,8,car,3.054,13.8321,28.8518,39.2191,45.9519,False
564,189c2b53ef76d02978a20fe14185667,4,car,1.5484,8.0248,21.0163,32.5623,39.3741,False
565,554bfeff3c44a3d6425b2c354eccabaf,7,car,0.0,0.0,0.0,0.0,0.0,True
566,fe6749c82c57137b28044fe9244db50a,7,car,3.3478,10.0317,19.2912,30.5129,38.384,False
567,f5a54f0cf2b575fa9fe1734a6086750,2,car,4.6234,20.8757,36.4861,47.6672,53.9386,False
568,425db95a3377f4d6e62a01eefce42a80,1,car,0.0,0.0,0.0,0.0,0.0,True
569,402d1624e1c28422383a5be3771c595c,9,car,0.0,0.1998,1.9802,3.5363,4.4966,False
570,c3e49f8c560ccc216108f064aff2426d,1,car,3.7763,16.1576,28.487,39.6957,47.8457,False
571,9e0eb55ae7af7f8a61fbb658aa965606,2,car,4.6667,19.2698,31.7313,37.3735,43.842,False
572,8577f3f82d5ce3ecc2fe329dd557eb52,3,car,0.0,1.1776,3.3432,5.8252,9.1603,False
573,4510559f5587f601147d1b898220921a,4,car,0.0,0.0,0.0,0.0,0.0,True
574,1ee4f19fa617ec5949493d905c02fa86,4,car,0.0,0.0,0.0,0.0,0.0,True
575,4dbf4e0654d0c234e811106a82796d20,4,car,0.0,0.0,0.0,0.0,0.0,True
576,641e43fc49e754edbcfa8eb5a2d224d7,9,car,1.4483,11.2525,21.6146,36.5471,45.0612,False
577,215da971831129bf63ee8a34069b7c5,6,car,0.0,0.1971,0.595,2.7613,4.4966,False
578,706671ef8c7b5e28a6c2c95b41a5446d,4,car,2.7107,9.4938,19.6398,30.7662,37.4542,False
579,d41c66c7b1ff1f57979ef391885ee5d2,5,car,1.0286,4.2886,8.566,13.4118,25.1711,False
580,e7c4b54fe56d9288dd1e15301c83686f,8,car,1.5355,12.3789,23.6719,39.0374,47.235,False
581,924599eb8b6aa6429ed410a010efa019,0,car,0.0,0.0,0.0,0.0,0.0,True
582,3b41ffcb4bec60cc21a66e8dfcce514a,3,car,0.0,0.0,0.0,0.0,0.0,True
583,7e63db420468e1b1bda733a39f84326d,8,car,0.0,0.0,0.0,0.0,0.0,True
584,7434c137695be0eaf691355a196da5f,9,car,1.3481,8.2286,19.8385,29.7481,36.5012,False
585,6d89098a33908cbd77b59844decf6d46,0,car,0.386,1.7762,4.4805,6.5764,9.8859,False
586,baf3415a57e6f282b23c333ee1a445e,4,car,1.7778,13.9723,26.5632,33.8767,38.3353,False
587,ad41b5992798d44bc350327861730790,5,car,0.8471,3.7744,9.6727,17.3756,23.5077,False
588,44c7a7a13fdc673abda72093f9b5aa73,6,car,4.5217,18.1384,30.2715,43.3515,52.1766,False
589,f94003409831db21f2cdad303f49c9f9,1,car,1.9487,9.171,17.7835,23.2402,30.3554,False
590,f1d902e502f474313fdffa7a79289f65,0,car,1.2308,8.4473,17.6603,26.0027,35.9278,False
591,835d8e35119c714bfdb3ae79bdfd4e2b,8,car,3.8442,17.5399,29.6182,39.0658,46.6219,False
592,ee5e6649db524dc2eb22840c40c3154b,1,car,0.99,9.2602,17.6777,24.8083,34.799,False
593,81c52d54f9719736ce27281f3b76d1f5,5,car,0.0,0.0,0.1994,1.5873,2.5666,False
594,868a5166e31428b16d8aac72cf093e59,2,car,2.4377,7.0559,12.1846,20.8664,31.4777,False
595,ff3c8e21a48ed17cc1bcae9def1986da,5,car,0.5455,4.382,9.2975,16.0661,29.5183,False
596,8590a6c8270375e34b5a812ecf553410,6,car,33.4081,60.9316,72.628,80.0066,86.1048,False
597,a8ab20351c2e7542912749d867981a40,1,car,1.4933,6.3481,10.2176,14.8806,26.6834,False
598,862a345b6328d641ef3ecc8551d2c1fa,1,car,2.5412,13.4493,26.8091,36.2928,44.1718,False
599,272791fdabf46b2d5921daf0138cfe67,0,car,1.2,4.3556,8.6043,14.4605,21.9044,False
600,783577d449be4ded3121f82ae456ac81,4,car,3.2308,20.7365,33.0608,42.5466,50.57,False
601,ced4053b0616098b7c697c8c1c6e09e0,3,car,3.7053,16.1839,29.7925,43.3004,49.7743,False
602,f045547c7c6e5d0ae74479f4823fa2bd,6,car,0.9474,8.5989,21.6438,33.6271,45.0876,False
603,ced56d51c144b40373dc6d54075665ea,2,car,0.0,0.0,0.0,0.0,1.3903,False
604,75bb1fc144e6d17a6d00e450aa03077c,1,car,1.1667,4.8925,7.0836,10.7208,20.8839,False
605,3500ccddade6926233307cdc293a210c,2,car,3.1909,12.1843,19.4797,26.9087,32.5119,False
606,2076be423fa5bb9f9e908ecb03b3d6fb,0,car,0.8889,3.1862,4.3163,12.6212,19.2613,False
607,4212ae43231ba858b1bb46d2556ba67d,1,car,0.5,3.8578,13.4027,20.3478,24.6376,False
608,68e733f38f957332afe1d4530f4c6e24,2,car,3.6,18.6288,32.1468,43.1811,50.4615,False
609,1cf14b4004e1d2e22c6ce678c9114ba5,9,car,1.5,10.8211,23.4946,33.3435,39.4249,False
610,efd9059d23b9c01f46f8ee02bd8f9824,7,car,5.9294,22.2893,38.0897,47.817,55.2298,False
611,751a2e8afd998768fb8f6150ea0ae369,8,car,3.071,12.7415,23.933,32.6082,40.7772,False
612,8b090b8ab3172dad2d7a27ffaafaaddb,3,car,6.6891,25.6841,39.2716,50.2088,57.7108,False
613,b51d8c15d8f603c350937622ac92802,4,car,3.2242,14.3277,32.6358,44.1764,51.6671,False
614,5357fd81d212951a1c64dffb0265c4d6,4,car,2.9867,13.6866,26.8374,38.1437,44.8586,False
615,9e1e61f67c4a41e09783918b4b55c30a,3,car,5.6615,18.3996,29.89,38.4045,47.5249,False
616,7240a21ee34bef83dd141480e2c154d3,0,car,1.0231,2.518,6.0789,10.3112,15.7672,False
617,307e83044ed81f6c473f10e6caaeca56,7,car,0.0,0.0,0.0,0.0,0.0,False
618,7b00e029725c0c96473f10e6caaeca56,7,car,3.2242,19.9333,34.9699,45.9873,53.8047,False
619,206e39a5f67f4a4a81d0c86cc18e6647,8,car,0.3,1.1287,2.4491,3.057,5.5843,False
620,5ebc7e111e9d0b5d473f10e6caaeca56,3,car,4.3218,20.9515,37.561,46.9502,53.0986,False
621,3e36e7b04fbd55a0f691b4bfa2a7ff4e,5,car,3.2242,16.1305,33.8496,45.2214,51.6134,False
622,41b4832983f44aa3a7fd25564c2e888e,4,car,0.8,6.3768,13.6909,19.9139,24.6458,False
623,6df1aadb0dbc696cf568f785e33a81d8,0,car,0.1667,2.4242,6.0709,11.0311,15.8548,False
624,d810d7f83632da71556235a31d374eb5,3,car,3.3313,17.905,35.9009,48.655,55.3765,False
625,fab45f900797908bbda733a39f84326d,6,car,3.2242,11.55,22.1682,32.456,39.6757,False
626,1cff510c0630c3cc673ddeabdcc8c6e,5,car,0.24,3.3951,6.633,11.9627,19.4188,False
627,f4822aa5b83b28cb35840786ceee5cd2,4,car,0.1962,0.5938,1.7756,3.1496,6.9498,False
628,1c1bd2dcbb13aa5a6b652ed61c4ad126,6,car,2.4,8.0,14.1873,21.6446,32.9652,False
629,2cbe6850de4fa5a34a6a7ab072f22d7d,0,car,1.8872,12.0291,23.2365,32.912,41.4165,False
630,25f9e0e65b8fae1f9916e41a3ca14d3a,7,car,0.0,0.0,0.0,0.0,0.0,True
631,85f3dc3318f5200c8672c9b355cd2075,4,car,4.5363,18.5542,30.364,37.5319,42.7916,False
632,74b73c2cca45cf483c1d9add3a87bd2d,5,car,3.9775,20.245,32.4748,43.0324,50.1301,False
633,8361aa7ae1f7dcb582ea71649733f2a6,0,car,4.5804,17.4488,32.2201,41.5567,49.5806,False
634,2bbea02b59ed2bab944bfc22204b55bb,2,car,2.093,10.9964,19.2869,26.1486,37.8355,False
635,38b2bb3bf698f38ac2920de4c5efc2ee,5,car,0.0,0.0,0.3922,0.3929,0.7823,False
636,9cabc9b21a7c5fcab02964031d37f87,3,car,1.8,13.5565,27.1674,39.4414,49.4175,False
637,a7b76ead88d243133ffe0e5069bf1eb5,7,car,0.0,0.1778,1.1569,2.1477,6.1277,False
638,a19d008c68e9c942a78cb4f1b66f009e,3,car,7.7297,21.6242,33.8392,42.1998,48.5164,False
639,8ceb581fe28a6496510c6353f9f7a5e3,9,car,0.0,0.42,0.9677,1.4233,2.5471,False
640,f6e0b8a0746d36d74eb766e5a46fceab,0,car,2.9288,12.9394,24.5893,31.0866,36.2789,False
641,eface8341d001e9ceb01ae4a4788bd4f,6,car,0.0,0.0,0.0,0.0,0.0,True
642,c54dbefca6290ee8a3b392b986583,4,car,1.7,8.9892,18.4884,30.1153,37.1315,False
643,e624da8cd22f6d289bc0c5b67eaafbc,8,car,0.8556,3.5955,7.3247,11.8568,20.4325,False
644,52ff21d1ba10add4bda72093f9b5aa73,7,car,2.1488,12.4426,25.1517,38.729,46.8594,False
645,8bd0d26352ea9de9becf71e2e014ff6f,3,car,1.4483,8.4069,17.2559,25.3508,37.4663,False
646,78f9e32385dd7db27996cb12b5662363,9,car,0.0,0.0,0.0,0.0,0.0,True
647,2df4b1797723b140419bf2f84339ec5c,8,car,2.4,15.75,27.6435,38.7783,51.8219,False
648,bf8c14637ee36251ae3e053f6a533410,2,car,2.9167,11.9257,19.7143,28.9892,38.9103,False
649,9eef7b2c492bc1181f4a259ef9bb479d,5,car,4.902,20.5894,33.5025,42.5074,49.3291,False
650,72b2c7b2a49d46ac2a9eb0f146e94477,5,car,1.3481,8.5097,16.5044,26.0958,38.9407,False
651,1ef8f98842f2a388a4dbb766064f8bbf,0,car,0.3724,2.091,4.6051,7.2482,13.1542,False
652,e6643b95e245410b8efc69f75162eba1,2,car,0.0,0.0,0.768,2.3676,6.5459,False
653,a750b467d629df3e2268f50ab9844c64,7,car,2.0488,13.4513,24.7154,35.3549,45.2016,False
654,6482e3afc2664e32d30f2d8d219e111c,9,car,0.9263,4.0162,6.7602,10.6705,19.0496,False
655,2cbd461545e71ffcd3b83549e73dc79d,0,car,2.2489,16.0078,31.0468,42.7855,48.7787,False
656,7b57af1bd2d83363ea1216357e7f0768,7,car,0.0,0.9231,3.5467,6.6997,10.5425,False
657,ba1b8956b1d84856369912a1ddf80ef7,9,car,0.0,0.0,0.0,0.0,0.0,True
658,6b2766e55b6de7779d34b5c385de0e34,2,car,3.2308,18.1902,31.7005,39.5959,44.0748,False
659,3b1ad5c98cd92726b60a292fcb118b54,4,car,0.1917,0.3975,1.3858,2.5663,5.0682,False
660,c43b1ebad0ba016a7fd25564c2e888e,0,car,1.6,9.8139,19.3094,33.637,41.1525,False
661,957a686c3c9f956a3d982653fc5fd75b,2,car,0.0,0.0,0.0,0.0,0.0,True
662,f1b97d671bb93ad928044fe9244db50a,1,car,0.0,0.0,0.0,0.0,0.0,True
663,3e823f89c611fe57a413908c0e169330,9,car,1.7778,7.7239,15.5849,25.1366,35.9712,False
664,61bbfe43afb10fc8360bb9d5bffb2354,8,car,2.3404,13.4035,29.6566,41.375,49.7949,False
665,f33b310ba5e68b82becf71e2e014ff6f,8,car,1.0,3.8886,7.7462,12.3865,25.3971,False
666,6e651b2230b8474c2de77cee5dfe5031,7,car,0.7467,5.6765,11.6808,21.1114,30.0649,False
667,e1134a7e936b516fb1bb46d2556ba67d,1,car,1.0909,7.0187,14.6566,23.589,29.116,False
668,37c5ac3d5b34761add75f724c0ccbe00,7,car,0.0,0.0,0.0,0.0,0.0,True
669,ace409d84c89d7258a0683934fae3156,4,car,0.9813,1.388,1.978,6.5764,8.978,False
670,45c88ab8a670797a134736201a79843,9,car,2.3673,13.2399,28.7392,41.9586,49.3666,False
671,40c05e511efd3fa96945ae93118ea9d6,9,car,0.0,0.985,2.9489,5.0682,8.6124,False
672,eafa5935e963b0035e875676652081cd,0,car,4.0494,23.5357,37.3828,46.8796,55.2062,False
673,c1186d49101dcd513a0daf3e5400b95c,8,car,6.5496,27.791,41.8597,52.524,59.0127,False
674,c2adec4dfc0dd05b2e877e82c90c24d,6,car,1.4733,5.4443,10.6161,19.7548,27.935,False
675,528fffd59eee9bc5851f021b9ed69c58,3,car,4.1349,21.9258,41.4943,50.4376,55.8512,False
676,d9e58ec3ad748aae2051f6248df99d19,0,car,0.0,0.0,0.0,0.0,0.0,True
677,eadebe4328e2c7d7c10520be41d00de2,1,car,0.0,0.0,0.0,0.0,0.0,True
678,4026bb045c2cfc669f4536d76626fb35,1,car,2.3234,14.1222,26.1454,36.6572,44.8241,False
679,bb39689b3e6568e85ea174ca141ad66c,9,car,0.9905,3.9388,8.6512,15.3606,25.0047,False
680,24dc3903b254fe41b448bf2dc92c4fab,9,car,1.6579,2.9185,4.6746,7.8767,12.2066,False
681,72f56235cf1e18cf1ccbd9e5bb82dd04,6,car,4.5818,15.5833,23.0549,27.8044,37.928,False
682,7c5e0fd7e8c62d047eed1e11d741a3f1,8,car,0.0,0.5944,0.5978,1.3882,2.1711,False
683,9025ac13eac31cccf5cb3ca022cf045c,6,car,0.3385,1.7346,4.3277,7.2698,10.2869,False
684,b70d970f8020c25dd141480e2c154d3,6,car,3.5,14.2122,22.1719,30.5734,39.3064,False
685,3bf15c48eb9110d16abce8cb03e7794,4,car,5.0218,17.129,27.564,36.3682,44.6075,False
686,8c2430564a8e3a2354277bd8a941f068,8,car,2.6667,10.713,18.9438,28.1791,35.0122,False
687,d9cfad911b26b2ae5690f18c88ad5b9e,6,car,2.6667,14.137,25.4145,35.1908,42.879,False
688,5c997a7c241190937cbd61b2affd051d,4,car,1.575,7.353,15.3711,27.8375,35.3333,False
689,b790d70257a8191a29984c4afd2e98a4,9,car,4.3218,18.564,32.8433,44.0879,51.5389,False
690,c849164176944e08e39b6a0d304ab967,5,car,2.1955,9.84,20.8188,33.3132,40.8958,False
691,54514b3e6ea7ad944361eef216dfeaa6,2,car,0.0,0.0,0.0,0.3984,2.3715,False
692,f49155170c175dff176be984cf2a7f4e,0,car,2.2222,12.9993,26.0094,40.578,48.7155,False
693,72d1eb25d911b6d8913eef1194316fef,7,car,2.6047,7.9977,18.4579,26.7133,33.6207,False
694,1424d894bfd59cdc65e9f24f8c34a52,7,car,2.24,17.278,29.8679,37.8183,46.9379,False
695,71304f56bb1165e7f42b5c72b4901f94,5,car,4.3977,19.3499,29.8666,39.0392,47.706,False
696,3905d1dcfd5e702333d445f141c62a67,2,car,3.1219,13.4771,23.3011,33.7349,46.5106,False
697,5dc3ec70f394965368d733072f36728,2,car,1.8486,9.424,22.2594,33.5676,45.3357,False
698,85e54cec1c6808009bc0c5b67eaafbc,5,car,0.0,0.5333,2.8975,5.9959,13.1382,False
699,35e4f3bca48aad294361eef216dfeaa6,5,car,1.161,3.5648,6.4833,10.3366,17.2304,False
700,7e7f0637d6798113ddb4014f0e8d0dac,2,car,3.1302,12.584,27.1419,40.149,48.7635,False
701,21205bdb7ca9be1d977e464a4b82757d,4,car,3.4743,14.7361,26.9358,38.9469,47.5394,False
702,783f141774ea26e259d587c4b86a22ea,1,car,2.1488,14.4021,26.5167,38.7251,48.4796,False
703,72ad8ebcd7dfbc87368990af61c704f7,0,car,2.4,13.976,27.7411,39.2694,45.5479,False
704,9031339141bad8608f89f9805dc3c90e,9,car,4.8,24.8081,39.6213,48.3399,53.912,False
705,e1a694f11100ace082d20fd7268a10a,4,car,3.4319,12.511,23.1662,37.5901,46.441,False
706,3f6e9baa4657276f97df6383472cc5b6,9,car,2.2373,5.8667,14.032,20.6233,26.7925,False
707,92ff3c7b2b8b1f65e2693f33cdca907b,0,car,1.6364,6.4385,12.7891,22.9091,32.0361,False
708,857a3a01bd311511f200a72c9245aee7,1,car,0.0,0.0,0.0,0.5455,1.5455,False
709,d4d7d596cf08754e2dfac2620a0cf07b,8,car,0.48,2.1867,3.7315,5.4195,10.9894,False
710,86c31c04c436f5932e877e82c90c24d,6,car,0.1,1.5795,6.0314,11.6216,16.1142,False
711,1ebb7511feac4d62381a9e1cee6d0b00,9,car,2.8421,18.709,33.8041,45.8654,54.1461,False
712,6d618b1cbb187baf6c6f7354ef18ac49,4,car,7.9401,25.3802,40.0586,50.3895,58.7082,False
713,cf88ac755b07beb2becf71e2e014ff6f,6,car,0.1333,0.8333,3.1742,7.2861,13.4403,False
714,186646b16a670b7d69a949ac99a843c4,1,car,0.7644,1.7725,3.1468,6.0136,8.4291,False
715,e0bf76446d320aa9aa69dfdc5532bb13,8,car,3.2896,15.3386,32.184,45.9893,54.0044,False
716,3044f0bf0ab7fd8d476502dcb0dc5465,2,car,3.3971,19.2088,32.4655,43.2184,53.0731,False
717,8fe901ed95e115ed70a5d1d8432b5405,3,car,0.0,0.0,0.0,0.0,0.0,False
718,49e8bd4cf55ea566d97f019cb91636fd,4,car,0.0,0.7955,1.1928,1.3903,2.5666,False
719,45953aa831508fb51e0d92ae9d1b10cb,4,car,0.0,0.0,0.0,0.0,0.0,True
720,bfae73d79c066a1fcc0c0cae12126488,2,car,5.6479,10.9719,18.9084,30.1831,36.6529,False
721,c4c21e09e91292b03f82402961906323,2,car,3.054,14.0512,22.9375,29.0592,37.1423,False
722,31546074e22ec0b69ce1b0be9ab0ab75,9,car,3.8734,12.4712,20.1359,25.9615,31.7119,False
723,c6191031c1d685d580360680c1602c7d,8,car,1.9855,6.3584,13.7322,22.88,30.85,False
724,af08f280395cd31719f6a4bcc93433,4,car,3.2727,15.1927,26.7877,36.9509,43.5712,False
725,1c5a350ea0f55f793fbce9ec40e1f047,1,car,1.2,5.4877,11.52,19.6311,28.9694,False
726,9f08e434ad95c4bbbc37558785e0529e,4,car,3.5671,13.7161,25.313,33.4449,38.856,False
727,9ee32f514a4ee4a043c34c097f2ab3af,8,car,0.0,0.0,0.0,0.0,0.0,False
728,97970b4b0f351f5a9697635485e4aab7,0,car,0.0,0.0,0.0,0.0,0.35,False
729,86c8a3137a716d70e742b0b5e87bec54,5,car,0.6,5.1333,10.883,20.0297,29.259,False
730,a6acea161250379aba3e2415e22cd45c,4,car,2.24,8.9217,17.1413,24.8607,35.9536,False
731,a3672e5ee27e389ab19dbf7b5aff7ec6,1,car,0.0,0.0,0.0,0.1951,2.4715,False
732,dbd0651a6d5bdad69bc489396a21b465,1,car,0.0,0.0,0.0,0.0,0.0,True
733,e5da1a1fa675c704a2edbcbb0bd69bcb,6,car,4.1012,24.5182,39.3907,51.1427,58.0417,False
734,151bebc457224c2733d7c9e122eec9b6,5,car,0.0,0.0,0.0,0.0,0.0,False
735,e920afce255de6ee3781057335c8a2e8,6,car,0.0,0.0,0.0,0.0,0.0,True
736,12cf05b9f5f2d2c195c8d3a7db4dbe65,4,car,5.3874,19.022,34.592,43.3446,51.7177,False
737,d0cf2f187acda5736be7348aa770e4ca,0,car,1.2774,4.6466,11.5749,21.553,29.6428,False
738,94c75ba9c6747f1bb491214a0cc2380,2,car,2.869,12.5541,28.4252,39.6959,50.3849,False
739,703bd04475fc330d59139efcde1fedcb,3,car,2.8862,15.6101,31.1305,43.3944,51.0571,False
740,3ba5bce1b29f0be725f689444c7effe2,9,car,2.3958,12.6425,23.6088,35.5851,45.8685,False
741,45745eab59d4ed09e9415adaaf77fdbf,3,car,2.8281,11.624,22.6679,33.4968,43.4156,False
742,383a4d1ee8022e9a61fd7e090d4d0d45,6,car,2.4245,10.3656,20.8808,32.7536,40.9485,False
743,3c1ecfc2dc88c1919214bcda3ade39f4,4,car,2.4,7.4297,14.7775,19.0516,25.1461,False
744,9ec13da6190ab1a3dd141480e2c154d3,4,car,3.071,14.1231,27.7772,40.226,48.1749,False
745,22bc49837550bed21e570d3da54bf9d,3,car,3.3529,16.1299,24.6484,30.6449,38.3149,False
746,ae088f798f2c99c2927e12317acf49e7,6,car,0.6857,5.28,9.5134,13.4597,22.8083,False
747,e6ec389325de7ae5becf71e2e014ff6f,4,car,0.8727,2.9605,3.8601,9.7143,14.7319,False
748,9f703e578b4b36295b74572d48ff6382,1,car,0.0,0.0,0.0,0.3908,1.5873,False
749,355e7a7bde7d43c1ace5721ccacba16,7,car,1.9024,5.2483,8.1053,9.9992,13.061,False
750,c314a4de4aeffc0854ae303007921fb6,5,car,2.0488,13.5871,28.3536,38.3047,45.9804,False
751,e4d396067b97f3676dd84bc138e22252,8,car,10.13,32.176,45.7634,55.3105,62.9328,False
752,12243301d1c8148e33d7c9e122eec9b6,8,car,0.0,0.0,0.0,0.0,0.0,True
753,cfb6c8867c6dd84c80e74058ee862f05,5,car,3.1302,13.3855,26.1562,36.0764,42.4469,False
754,698cface060385ef9113c2c7a4e97ab,2,car,1.3333,7.6267,12.3976,16.429,21.3198,False
755,2a771048127cf0b85dca6305fb9f97ca,8,car,3.6,21.7456,37.297,47.8962,56.3916,False
756,ea7ce310216a5a64a1bc65068a7d3cef,7,car,0.4,3.6264,10.7594,14.9711,19.0974,False
757,cbe2dc469c47bb80425b2c354eccabaf,6,car,0.0,0.0,0.0,0.0,0.5538,False
758,5fb19e8ecfe42bd170bc1eaaf2d60138,5,car,0.0,0.0,0.0,0.0,0.5795,False
759,398a791990b106dda5a4c80d90b70728,0,car,0.0,0.0,0.0,0.0,0.0,True
760,aefcbac53b05ed5a27404deef339faa,2,car,2.2222,11.4228,21.0,28.8045,34.1308,False
761,93c56f05dfcd4248274334f2451a8eb,3,car,1.9385,10.7903,21.4561,34.5113,45.6036,False
762,65d6433043c40046b82c0841410a924f,5,car,4.5363,19.1927,35.1833,48.6575,61.6595,False
763,42ad4b456bb964e1d57c4849288ce494,9,car,3.1111,14.4623,29.3723,39.5642,48.7737,False
764,6c22203e5ed35df9ca4aeb694e04f8df,2,car,0.0,0.0,0.0,0.0,0.0,True
765,3ca3c91dae8d2cbdf56f8ea3d9016e55,0,car,3.5306,18.5979,30.0294,38.7986,47.7735,False
766,d28ad2ed7b1ba665b1bb46d2556ba67d,4,car,1.8378,8.4389,22.6344,28.9772,34.9104,False
767,9dee0ea5da388102e6d91d458fe44a15,1,car,0.0,0.0,0.0,0.0,0.0,True
768,ead6f85d2eaafab32aa8b7caea8a1807,1,car,0.8,5.2248,10.6549,16.0879,21.544,False
769,744f3661d9030c059cc32a851e7d6f32,0,car,4.2024,17.9818,30.8899,40.1748,49.3531,False
770,6d3d67957e1ca228ca92a4cdad802b45,6,car,0.3429,3.8843,9.0505,19.1689,28.7769,False
771,1164dc97642a22ff5acf55f30acc008d,6,car,2.1913,9.2866,18.9776,29.314,37.5437,False
772,15c785a7505992c3a9be8fd09fb14f4f,1,car,0.375,3.3405,6.2073,9.0447,14.3213,False
0,157bb84c08754307dff9b4d1071b12d7,6,plane,15.4191,48.3509,67.611,77.7607,82.6979,False
1,240136d2ae7d2dec9fe69c7ccc27d2bf,2,plane,9.994,34.2974,68.2473,86.4,90.2197,False
2,5515a62182afd357f2b0736dd4d8afe0,0,plane,12.0593,49.9645,84.4995,95.6493,98.0469,False
3,8af46946b9b2b3aacf0820a704ed425d,3,plane,10.199,49.5272,82.294,94.9822,98.4427,False
4,1d0c128592385580e2129f6359ec27e3,3,plane,6.48,25.6828,44.2639,55.4095,62.6791,False
5,d617ffca7890b33eeb9d949e4b90f4af,9,plane,13.511,43.4389,74.1513,85.1531,88.0806,False
6,9a3b5fa35243504124f575085333a65b,9,plane,16.9854,52.8045,78.9492,93.1961,97.9408,False
7,9f9cc77c5e32664e6a8a5e39588ebf68,5,plane,12.7777,40.4105,62.9162,73.226,76.2376,False
8,171f4e9ffda674f44f4fd7b0550f5bef,3,plane,14.9099,55.2633,78.6344,87.8557,92.0709,False
9,9bf3c126d5918c41f5c7319b71bdce6e,7,plane,10.265,51.0982,78.9968,90.0942,93.3997,False
10,7e1d4583f70c8583431589819e5ca60c,9,plane,18.5337,63.5616,88.2146,97.3358,98.4256,False
11,bd22bcf18a9c8163adecb6fc00604132,7,plane,11.8367,46.4373,79.7239,92.7092,95.7791,False
12,c85e3f6c572581de7d3b11085e75c7ad,7,plane,16.5057,44.0786,62.6107,71.5518,76.3846,False
13,9b285862ababfc3a68222c7df7dc40f1,4,plane,21.5884,65.798,89.7247,97.615,98.7854,False
14,c3454da26509937d4b4c1e25039af4c8,1,plane,16.2486,41.2163,59.1926,72.032,77.0681,False
15,cdd4dc06cea48b5faae529ab4a75c4af,3,plane,17.6329,53.8042,76.1688,85.2884,90.9013,False
16,a5be00166e57ce5dd92de1e594e3dc28,5,plane,12.1008,57.4489,88.8925,96.8008,98.0632,False
17,300a0c78e402decd7e67bd3e242c324,8,plane,20.398,62.3769,86.3424,95.9651,97.541,False
18,6420a3ff5e526d59e16519c843f95ce0,2,plane,14.0997,46.0041,70.4,83.0644,86.3636,False
19,404714cf775f5ceed32761b337f8b72a,0,plane,13.2932,58.156,86.5916,96.8302,98.4256,False
20,fbcc12c5530ab67cad659a74e36b6387,2,plane,29.6797,72.4644,85.443,90.4989,92.3879,False
21,2c16ac865f06542381598514fe928082,2,plane,12.0992,40.2923,67.1858,81.4322,85.9657,False
22,a8c4288e4027e6a319ba010ddb4974fe,2,plane,16.8494,48.0853,69.5226,88.6909,94.4757,False
23,9ff7d7d71bcf50ff4fb6842b3610149,4,plane,18.2192,58.7939,83.8624,95.2291,97.9592,False
24,62fe06fd4f1b390fa9bcc7eaa4032fa4,6,plane,16.2055,51.0402,69.3484,78.4247,82.2903,False
25,b4cc2bdefd4f9ce13f4d6518603e8629,6,plane,10.2478,52.9113,78.247,93.99,98.5366,False
26,560e0890ae86aa7624a25a765a1075c2,3,plane,17.1499,49.0643,64.62,74.3179,80.1385,False
27,a7d29332d98b7b8340a4a448803b06f7,7,plane,10.8479,42.7916,76.3916,93.3909,98.8899,False
28,990431d8a1ef435bbc913a3935f0ae10,1,plane,9.793,31.8526,54.1136,69.4504,77.7115,False
29,265e6c77443c74bd8043fd2260891a82,8,plane,16.8494,49.803,69.772,79.3865,84.9066,False
30,195ca2eabbf7c735a8d66821ccb813fe,8,plane,13.9743,42.6429,65.9182,82.8982,90.3102,False
31,5abe1e80846dd485c3e7213e9e8493f0,0,plane,8.5006,28.3464,47.7135,59.5004,67.6548,False
32,16079ddc92f4c9efd677715e63c14038,1,plane,13.2992,53.4998,79.882,95.7698,98.5287,False
33,1e40d41905a9be766ed8c57a1980bb26,9,plane,24.2984,67.7048,87.3234,95.1485,97.3306,False
34,9a9f615801c2dfff4d210d9468aedaf2,8,plane,16.8621,61.4096,86.5007,96.18,98.6315,False
35,ec2ceb5d65007bacfbb51ecfb25331aa,8,plane,16.9971,57.9568,80.5332,89.3391,93.2764,False
36,cbabb37711c06d4046ed10e8f7fe336e,5,plane,14.3484,52.6998,83.1308,97.3068,99.1427,False
37,733db701650ed0d4651e8da9cf70afea,9,plane,10.2222,28.917,44.2145,55.945,62.6812,False
38,5ae05c956af61890b58b3ab5dbaea0f7,6,plane,23.5984,57.19,65.5109,68.633,72.1228,False
39,2705c3edd082f0987f1f82f6fc8747b8,3,plane,15.9,60.5936,87.9072,96.6408,98.3223,False
40,b63f7eb03f91f8a7de04805f7d685d,7,plane,14.9458,51.4876,76.1043,87.6813,92.4298,False
41,172764bea108bbcceae5a783c313eb36,6,plane,14.8364,37.3613,50.3816,58.156,64.682,False
42,6cf2f9112ffae7c3be54b70092ca256,1,plane,10.511,28.02,39.6027,46.4864,51.742,False
43,3902709d4b10903579995cc5afab9d5,0,plane,15.5924,55.5825,75.2082,79.0191,82.2058,False
44,3693696a7d11f2a866cf1b4a8fc3914e,6,plane,14.0142,54.8299,87.8598,97.2025,99.3964,False
45,89e0a038b52184e04f856435f28995af,4,plane,16.0696,55.3883,77.1979,91.593,97.5704,False
46,83ed7c81a011d72a179137acc8d4437,1,plane,38.356,78.0891,85.2109,87.4479,88.8889,False
47,f7c11b5e07e9ccab3a116bc3efac4e3b,5,plane,14.8671,60.2894,87.4866,95.9725,98.2188,False
48,2f3bef6d679273d062b600da24e0965,8,plane,16.6462,55.2476,85.4041,94.9228,96.854,False
49,9f25e4e0aa598c7fabda204c62559ac3,1,plane,17.6784,52.9124,73.9673,85.6834,89.5845,False
50,847bfe2bea87c55b2d49d91e9a282aa0,7,plane,14.223,46.8677,70.0609,83.8588,90.515,False
51,a61bb94e08709f2bd0734afa0d357999,3,plane,4.9663,21.7333,36.9047,47.9367,57.4447,False
52,d9d282f79262ebd4c3a35cee92bb95b,4,plane,14.6116,51.5898,80.7315,93.2999,98.5899,False
53,d2412f19d33572dc4c3a35cee92bb95b,9,plane,23.5894,63.6998,82.1497,91.7786,96.2402,False
54,ea06bef342fbfd4236f3a2343a8221f2,2,plane,8.4473,30.0514,60.7711,82.0815,86.8913,False
55,1597cbeb8266af206aa3bf023a2b42a5,1,plane,18.1995,47.569,66.1885,77.4759,83.2695,False
56,2636cc55f0bee49671d03b466c72ce41,8,plane,11.879,51.0951,82.4104,95.7258,97.6982,False
57,885b7ba506c9d68ab6ecbbb2e4d05900,0,plane,4.5981,17.0023,33.4669,49.2288,59.5328,False
58,eb2ac022b65f827e5e0925f0d15a8f74,9,plane,18.7798,56.5684,82.094,94.6489,98.3286,False
59,cef4d41c07613b658168857903a9552b,3,plane,14.8351,50.0874,74.1029,83.6859,85.8447,False
60,36d8c865f766e3e097872638b21438e3,4,plane,15.1908,56.5956,82.7889,94.1389,96.27,False
61,427240c0fde25a90e6901f9a264cdbc0,7,plane,14.3484,55.2489,82.9777,95.9823,98.167,False
62,39ce355324ab4bc8b96ae1a0a8b84ec,9,plane,12.2041,56.0357,86.7732,96.0653,98.374,False
63,a4f5529edc990706e719b5362fe06bbb,7,plane,13.965,64.3561,88.3679,95.9417,97.3833,False
64,a50b4b0ac82a67d0bbb9a486df472172,7,plane,15.1305,50.6959,80.8388,94.5965,97.1629,False
65,5ff1cd7d4fc48c864b6d6a3a20b9f7f,6,plane,12.9723,44.7127,74.5696,90.4478,96.3999,False
66,723921d0060203a344d33ea02fa0f619,1,plane,15.2974,36.1266,56.7896,67.1103,71.4422,False
67,752d9a010346862551cfdb4c9f126c12,1,plane,27.273,55.3367,61.3909,65.1986,68.187,False
68,1998ee1bf3806b05818b286e41cc1a3f,7,plane,6.6638,23.9344,42.5679,54.9763,63.2061,False
69,da7354a90e6596e6139336f03eb955d2,0,plane,20.6342,57.0727,75.0791,81.4925,84.2451,False
70,8f4416cb67c3807bcf155ddc002a8f77,1,plane,14.3082,41.1039,56.9218,66.366,71.6228,False
71,c641785e297cc8ef74008994fb1880b,5,plane,12.8806,64.5317,91.6533,97.8549,98.9389,False
72,b9168b74c6d459e65a73760c6feb254c,1,plane,12.4444,55.9286,83.4654,95.9349,99.2443,False
73,6705821a6b32fb3eca8607f540cc62ba,4,plane,14.5445,53.6179,78.0108,91.5734,95.2707,False
74,7631caf6989bd17e4a51f4b900f5eb50,9,plane,12.7938,46.0043,64.0998,74.6276,79.2443,False
75,c4433144c905ad0b71d03b466c72ce41,7,plane,22.6252,60.462,84.5183,90.1099,93.0481,False
76,e0bb0ddf67462f4a8b686f76be476fe0,5,plane,16.8493,51.9047,81.8463,93.6487,96.3949,False
77,65166f18d4ee36a61cac9affde84fd21,4,plane,18.4346,60.543,82.3649,95.2361,97.8591,False
78,b8df5a1fb0fa198a9a162c818d22a620,3,plane,17.5179,55.6998,86.4124,94.2695,96.2117,False
79,d64f391dee878277bd46d022fd7d80aa,2,plane,11.9029,38.7795,59.8144,75.5471,86.5345,False
80,237b5aa80b3d3461d1d47c38683a697d,4,plane,11.7353,41.933,61.056,72.487,77.7556,False
81,144649df5a5f9c8b5e4cd38353d7ef05,8,plane,13.8592,46.5145,68.3783,79.992,86.3636,False
82,64da2f66ccfb98c6c511571426f8b16d,2,plane,15.8809,53.5421,85.7732,96.1019,98.4772,False
83,72537a008bf0c5e09d1a1149c8c36258,7,plane,13.3813,53.6727,79.7635,94.623,99.0409,False
84,8a25b5ee4421f96a349a1add3c9c4a87,4,plane,19.6258,55.6905,73.6204,78.6408,80.9524,False
85,8daba5f5c906b3b331fec775e1dce6b3,3,plane,28.7556,61.507,74.3178,81.9044,86.2353,False
86,9ac292686a2fcebbe719b5362fe06bbb,0,plane,20.8957,60.4152,81.3389,90.8339,94.567,False
87,ebd96d07a7d68cf2fc7b6f7beb3a27ff,2,plane,18.7087,54.8152,70.9808,78.7759,85.1461,False
88,c4f22c879e8adbc6aaae11b67645c759,6,plane,12.8992,52.7363,88.1547,97.4981,98.3223,False
89,53f0e2f6671346ae5ff3feb917a6004b,1,plane,20.3145,58.676,80.3503,93.7846,98.2935,False
90,d605a53c0917acada80799ffaf21ea7d,3,plane,17.1907,60.0652,84.5759,95.4765,98.2828,False
91,db4e26b10e48f0202eb17a4a1756af76,1,plane,12.4857,46.6544,76.7039,89.6379,91.8334,False
92,92497dcdab4d0a8de1e82eac4119b0b3,6,plane,19.6942,51.274,67.1917,80.1348,85.6505,False
93,fe0c4db38fb6399990b1d6deb98feec6,7,plane,15.8498,50.7524,82.0412,96.3217,98.9389,False
94,960d086565fd36def0a9e4c23bc75c0,8,plane,9.8182,29.9754,54.5936,78.4999,89.1,False
95,902b39a955eeb2bf35569910818956dd,8,plane,10.0814,33.4925,53.2404,65.2954,72.6776,False
96,e15f4c98857b67e41e287f9f679ab620,5,plane,11.5715,33.0332,43.9938,50.7463,56.7335,False
97,61330ac001ced49f64801ad2940cdd5,3,plane,21.1556,55.3571,65.8401,71.7949,76.161,False
98,da5fda29d2415fb09d92b4de623f5639,5,plane,16.5237,51.995,79.3999,92.3996,97.8853,False
99,77f5111d348bf051368d7e7849f8df62,6,plane,18.5259,56.4594,81.1823,87.1959,89.6856,False
100,cfd42bf49322e79d8deb28944f3f72ef,2,plane,19.7286,65.6848,90.9155,97.8222,99.5984,False
101,aad69c419b27d6744d8e7d3c15c98c3b,9,plane,14.4426,53.5327,83.2312,94.9794,98.7443,False
102,577ef32f6c313a5e4ca16f43c2716caf,2,plane,17.7333,49.3017,65.6466,75.3338,78.4157,False
103,6eb12144093da25e816e98a113f4d393,7,plane,27.6515,59.57,79.784,83.9234,86.7497,False
104,3656c9bbd79f6e29f6439977935c2784,0,plane,20.351,60.8631,86.9743,96.1654,97.6459,False
105,44c0cb6571f6f000ca8607f540cc62ba,9,plane,17.4958,57.8828,80.978,91.3089,94.6814,False
106,79a62c385180cc51da67790f4274f014,7,plane,10.199,39.831,65.6889,80.0099,84.8934,False
107,4e66465abe540ee326ccedfb0470de8f,3,plane,11.2991,51.8372,80.4158,94.0133,98.2706,False
108,35e2eceef33804d8196c5820729d438f,2,plane,21.7833,58.2616,72.6305,80.2934,84.6687,False
109,89b42bde2332e5c067c5e3041553656b,4,plane,9.8909,40.1903,75.6563,91.0246,96.1654,False
110,50342e9cb1a7e00e59c11002fedd14ce,6,plane,18.2719,48.9268,64.7321,71.4709,76.5432,False
111,10155655850468db78d106ce0a280f87,3,plane,17.294,55.6234,79.3494,88.1668,92.0086,False
112,a162465f9664d92a94eaa56dbee38b5b,7,plane,17.7499,52.2546,71.4537,81.4035,85.5399,False
113,2de92a57e410020cc231d70e1e0cc567,0,plane,16.9524,57.5082,81.2497,92.5524,95.4708,False
114,427030abcc0f11a8947bbeb9022263b8,3,plane,20.5489,66.8171,89.668,96.6942,98.6829,False
115,7713f76f4ef99f19954990879891d2b,4,plane,17.5259,51.9498,74.119,84.5469,87.0315,False
116,3fe8243b660d5e8fbc0909d98a1ff2b4,9,plane,9.4326,40.1772,75.9995,92.0816,97.0425,False
117,7220043361fe9e50eb983188eb4e930b,3,plane,10.2913,41.2163,67.2269,82.42,87.4486,False
118,4d13a1b180422efc2d0334ee3a22c9fc,2,plane,18.479,55.4337,75.3554,82.4841,86.9418,False
119,5c9b09738d7920f0546100d9c41f5274,4,plane,9.699,40.7487,66.0994,83.4117,88.2716,False
120,14762404f34eb050bf7a28999a707afd,8,plane,5.9484,19.3115,30.5943,38.1675,42.3956,False
121,958c54f8da7a1359cea2c06142ecb1b3,1,plane,18.2838,53.9243,76.8857,85.3042,88.8675,False
122,4a3950ebb6fe6aca8afca43ae0909988,8,plane,10.2226,35.3794,47.7171,54.5438,61.3053,False
123,f4818cd7c0701fbe752556d244bfb42b,0,plane,16.8069,46.6942,60.3424,69.6094,77.2253,False
124,2988a7a566ea79797209009cfb89d4bd,4,plane,15.8461,56.0752,83.8255,95.6294,98.2223,False
125,6896058e4bc0be46bdf566b587d6b21,3,plane,8.7822,41.6419,59.8661,69.6152,76.3906,False
126,7805239ad1e40e07c69d7040c52664c5,9,plane,23.1155,53.5141,73.3909,83.2523,86.8919,False
127,97c12e6155fdf8ca90baeef8ba5b93e5,0,plane,8.4842,47.2666,78.7751,94.8498,98.3996,False
128,78f32f279a50beea216b327569dd806e,3,plane,19.0684,60.3941,85.3552,95.4242,97.541,False
129,5c43f5436b308ed89a6e43b878d5b335,9,plane,10.4096,33.8148,55.5496,72.1267,82.0718,False
130,1435b52348569ce1bd46d022fd7d80aa,8,plane,15.6898,55.6855,83.2534,95.503,97.6459,False
131,649a8f44ccc86f4843513dd632697ccb,5,plane,12.6381,39.4244,68.3214,88.6419,94.2097,False
132,3a72adcf14ccec9965f50257ecdfa5c7,6,plane,17.2792,46.7264,64.0865,74.633,81.195,False
133,e75ce21b914ba565b4c6d1a32dc4f554,7,plane,20.9318,57.4277,70.5988,76.285,79.6631,False
134,53c27d3031f6f97e402be9c8dff728f8,7,plane,11.3869,47.5799,77.0834,92.4622,97.2883,False
135,395afa94dd4d549670e6bd9d4e2b211f,5,plane,11.0367,32.0888,45.1751,56.529,68.8427,False
136,97eb9cf6c8a11a389967b23b351d6841,9,plane,17.4034,50.8268,78.0458,89.2027,92.1057,False
137,68c61d42222863682296d88107d065f6,1,plane,9.35,33.1281,49.9958,62.8058,69.961,False
138,11def84f9fe8ab0acd726e804e5d7a,3,plane,13.5498,48.5981,74.3167,88.6963,95.8957,False
139,e5bb559c00276ad354eba1f1b35fb0c1,0,plane,16.8463,60.1083,82.5645,93.3221,96.5339,False
140,b481294a2692419cba5f6626ebfdf87f,1,plane,0.0,0.0,3.2839,6.199,12.2066,False
141,fddcb2b3d45ce98e641c309f1fd7e183,8,plane,18.4658,51.3917,70.5777,79.3412,86.1048,False
142,94ce3a5ad2576e73a5cac89017eae8d1,9,plane,16.6486,53.2443,83.0186,95.192,98.3898,False
143,146533404a778665c93b40751084c22,2,plane,20.474,71.665,93.1204,97.9592,98.5801,False
144,2d43c1430df8194ace5721ccacba16,7,plane,14.4972,45.7486,75.3935,92.8479,98.4443,False
145,da6faddc7079ce8ab6befd5df74fffa2,6,plane,5.9933,49.2096,78.3751,89.6296,93.1282,False
146,75e9e2d6970f5ee71927c29d6faf370a,2,plane,13.1819,49.1916,72.8842,85.5019,88.3305,False
147,130422d62194cf026c8067e570d6af71,9,plane,24.0697,52.4138,65.2291,68.9384,73.0964,False
148,7206b1f248826f2398b39d2f77aef0eb,6,plane,8.6364,26.6071,41.1626,55.1339,67.0641,False
149,bc3b68407bba00d92756c2c914ecfebf,1,plane,18.6738,56.5936,84.6007,96.1533,98.1151,False
150,b9e6298004d7d422bd46d022fd7d80aa,5,plane,12.2253,58.7479,85.3411,97.0219,98.3801,False
151,d20e3ed9b3430672bbf3143b1cb6076a,6,plane,12.2016,58.1273,87.6724,97.0134,98.2706,False
152,fcbdaf6100aad67d5abb92fce0f1ced2,6,plane,13.4082,46.7099,71.7839,82.8345,86.4926,False
153,29f514bdcf72e779bbf3143b1cb6076a,7,plane,11.4323,46.6998,81.8145,95.7998,98.2188,False
154,bd6966d7d0beae75f5c7319b71bdce6e,3,plane,15.8597,58.2465,87.7021,97.8187,99.3457,False
155,f96426f2392abb1d8d58389384d9812e,9,plane,6.3768,30.7997,62.8093,81.8017,86.6213,False
156,8a050edf3d971a617b17a3f88bbfbb61,7,plane,18.8333,51.7546,68.123,75.467,80.6683,False
157,87fb26b8e56d25f2b87697d3904b168b,9,plane,11.6446,45.4376,74.0402,88.5078,93.4615,False
158,a69c25f93540eaed6370c33da8a7988f,3,plane,0.5833,3.0484,6.9493,26.2712,49.7295,False
159,8a343fecfe2b8660d0fe0309648c1f07,6,plane,13.1179,44.3454,69.5164,86.0499,91.6169,False
160,a8471560d4dd5a31ebc34aaab30ca460,1,plane,13.6934,59.9502,90.6362,97.4885,98.374,False
161,1890f6391df25286394b1e418d5c594,8,plane,16.0845,50.8193,76.7922,88.983,94.7397,False
162,172e23ab5b4d189566cf1b4a8fc3914e,0,plane,18.327,63.9231,88.7243,97.0249,98.0112,False
163,64211a5d22e8ffad7209009cfb89d4bd,8,plane,12.8225,57.8185,86.8122,96.1714,98.374,False
164,cc113b6e9d4fbeb23df325aac2f73830,1,plane,22.4996,63.6019,80.8122,89.9856,93.9043,False
165,5f0e7de6a86a694d3930849f1d75b1,0,plane,13.9986,46.741,72.2978,83.1837,87.945,False
166,735466165c04f71f62b600da24e0965,2,plane,9.418,42.9747,73.0349,89.3865,94.1468,False
167,aa3a801045f6fea9afd51f67d3985e6e,3,plane,18.1785,54.2307,71.0954,77.0668,80.7982,False
168,bd298d2907400418df8fc3a07f996293,1,plane,17.496,52.8571,71.0657,83.6832,89.1994,False
169,e8289fd7e6ab0df4d37636af9c7bcc34,4,plane,21.2925,65.1173,86.2355,94.201,96.1039,False
170,21e9ae6cdd3ddc27e1c97634acf0214,5,plane,22.2175,59.4333,80.5591,89.687,92.7699,False
171,9a8aecab136ce50db7ef47444625afb2,8,plane,16.5826,51.5498,79.2447,89.7558,93.7846,False
172,3a54f2b6f9b053b759b859405dee3be8,5,plane,8.2623,24.901,42.2291,52.885,61.8785,False
173,460f2b6d8f4dc18d565895440030d853,5,plane,17.7055,57.8158,77.3439,86.7903,89.9285,False
174,f50eba69a3be1a1e536cfc00d8c31ac5,0,plane,20.4976,48.7969,68.3429,74.9218,77.451,False
175,ca4ec545363b3b8e8c2814a4ead9cb90,7,plane,15.2123,57.5229,87.2169,96.53,99.0409,False
176,59043812c2139ea8bbf3143b1cb6076a,0,plane,15.7371,53.1932,84.505,97.0252,98.9409,False
177,26210ec84a9c1c6eb1bb46d2556ba67d,3,plane,16.6784,58.1062,84.5497,93.9018,96.6408,False
178,d639c8d2f55982558b96ae1a0a8b84ec,1,plane,17.8911,51.9992,79.8949,95.1458,99.0918,False
179,86bba8b007786db7be00b7fbad2ca0e8,3,plane,12.1481,62.2207,89.6776,97.7549,99.1427,False
180,ace4fe6e9c97150a35fc197bbabcd5bd,2,plane,16.9428,54.2614,80.6265,94.1107,97.4885,False
181,46f9b86c1292366fadc12de54d203570,9,plane,12.8527,40.1471,63.1117,77.3896,83.6533,False
182,60b5f5da40e0dd33579f6385fdd4245b,7,plane,1.1917,9.5258,34.6157,72.041,84.1251,False
183,e7c1bb596e9a1ce9ca8607f540cc62ba,1,plane,14.1498,51.7798,80.9146,95.1236,98.2706,False
184,cbacce3a17e061251ab9df4be75138d0,4,plane,17.949,53.8424,79.1591,93.7276,97.5548,False
185,8b3bccc84ac7d534d56132409b00c58b,1,plane,17.461,47.8733,67.825,79.4359,84.52,False
186,1d4ff34cdf90d6f9aa2d78d1b8d0b45c,5,plane,12.3036,40.3423,65.1542,72.9061,77.9206,False
187,4c3b1356008b3284e42e14fe98b0b5,5,plane,15.002,56.0459,79.5192,86.7375,88.2682,False
188,817add33c6fdd1534d210d9468aedaf2,3,plane,14.2657,58.05,87.335,98.1188,99.1936,False
189,b1998932482a6215a9b2becd26dc2fc1,7,plane,14.3938,57.4497,87.3474,96.4128,98.2706,False
190,69ed3801f4f6f4d1e1873a3963e0d14,1,plane,12.1152,54.9489,89.5635,97.4409,98.167,False
191,f533dc37778c6f004c949161e83c47b5,8,plane,27.12,56.158,68.672,74.3953,78.1429,False
192,408af35642971375be13ce34aa7c0c1c,5,plane,16.9712,55.0879,85.6737,95.178,97.3833,False
193,ce00bc7519d595c525a407b55f350179,8,plane,8.2994,43.033,73.6771,92.199,97.95,False
194,bfd606459cace196e7ee2e25a3cfaa4d,9,plane,11.2529,39.919,58.2033,73.4882,79.5332,False
195,eefb4a1fcc2ca4d8894e22af7ae821f8,9,plane,19.9489,55.2482,75.3677,86.8742,90.9358,False
196,69a46dafabb616191f9b3085a256a338,8,plane,9.9602,33.6266,58.9537,79.0041,82.8523,False
197,d0ab3ed71a4ac9319d1eb836604648db,8,plane,18.5197,59.9401,89.4545,97.3933,98.8878,False
198,d25572a7c7bd40a72d716a8ba99beff8,0,plane,10.1,46.896,80.6373,94.6556,98.2188,False
199,29374d5ffdb23451e1f2a1daf140ac9f,5,plane,16.0994,58.5141,78.1603,88.2348,93.4275,False
200,9259906152f9d885a8cba409c4409ba9,0,plane,16.0372,48.8476,79.059,92.6214,96.27,False
201,77ee6ccca238ceec5144962e2c20b832,1,plane,8.0639,32.6544,53.9887,64.553,71.4653,False
202,b1deb3638098e9c92a4947824596dce3,6,plane,17.1462,39.3401,52.8074,62.0597,71.3061,False
203,67a6b5b12ba64c529a6e43b878d5b335,1,plane,11.0612,32.4691,44.0124,51.7675,57.3882,False
204,46d4d453ceac2f5c3c3b254d8683a766,6,plane,19.8296,52.2679,71.0788,81.3162,86.2673,False
205,1df217928b39b927a8cba409c4409ba9,6,plane,10.5236,42.3409,78.698,94.0863,98.9409,False
206,552d76fdb54e5d57cf7cf1e30e2f5267,0,plane,27.6343,55.8194,73.083,80.5447,85.4185,False
207,b8ce3803485b620b2c674305897e1782,8,plane,12.0,47.1444,72.9847,82.5867,85.518,False
208,31d40e6e24511386d6d949577c389a84,4,plane,16.871,54.5335,79.3545,90.0306,93.1525,False
209,762e29f11597581d62b600da24e0965,8,plane,11.9029,49.8277,82.8201,94.2917,96.4803,False
210,d9f90f110ce30fbbadecb6fc00604132,6,plane,16.6567,52.3466,76.5182,90.8163,97.8917,False
211,de9e093bb17848c3b2bd4a92202f8700,9,plane,13.8982,45.1926,68.5331,78.9576,82.5091,False
212,e161df613fc808b0d7ec54df5db5828c,6,plane,25.6004,71.3517,91.8512,96.4406,97.3306,False
213,72d96bac651bc74c7af159eaf7625abf,2,plane,21.7499,67.8199,90.9881,95.7791,96.8008,False
214,3e5aa51d27e294a835fc197bbabcd5bd,8,plane,16.1994,60.4407,91.2376,97.6505,98.8366,False
215,15442b53631b7e88232438a710acf1da,0,plane,14.6212,49.1561,74.9627,90.4234,94.5813,False
216,1887d7e3ec69fe06a5cac89017eae8d1,3,plane,13.4637,61.1284,88.8776,97.3306,98.4256,False
217,845d7718879d26f9a45fa73059b12336,4,plane,12.5873,58.9488,85.5518,96.0653,98.0112,False
218,541c19fe42806c4d26360e1e29a956c7,4,plane,9.5833,45.5941,73.1489,91.3538,96.4803,False
219,e3de366a0cfb59ed38294c37c250d7cd,5,plane,14.8879,48.621,69.8255,75.768,79.7354,False
220,43ddfbedbd6721fa828204947d78b9af,3,plane,17.6487,55.5489,78.7,93.2931,96.8312,False
221,91948fbd89e316b9a1efa53c1b6b3c23,3,plane,15.4313,45.5577,70.2576,89.5997,93.0566,False
222,3a7e89dc355faac111f5789deac2dcac,1,plane,17.3256,50.2356,75.2432,93.444,97.0425,False
223,584e076b6cee78addc3757fd1f4189a9,5,plane,29.5306,52.1145,65.0049,72.2861,77.3758,False
224,3b9241e85d07de6a8b6c3e7b944b34fa,1,plane,12.3158,50.0889,85.519,96.7627,99.0443,False
225,4008286f2fe8b6a97c44cd1ce3d402d0,3,plane,17.1855,56.6864,78.138,85.856,89.943,False
226,48996e27f430ce286f67a5681eaf4d9f,7,plane,18.1388,61.0802,88.0531,96.707,98.1151,False
227,44836457aff60736e10e757961deca98,6,plane,16.5849,53.0251,83.2384,96.2335,98.1151,False
228,e5f08a5e3dad6cdff810506e9ae2dcc2,3,plane,13.9455,49.2708,83.3571,94.5813,98.1314,False
229,56c827003a2fdb16853d2b3113ecdbb6,8,plane,25.0853,68.6458,86.7672,94.6866,96.9072,False
230,51f51906f12681a1dc82b8fee1057b30,2,plane,20.2291,50.3011,73.4256,87.2165,90.5309,False
231,26a29227d6326e20e63e266a803d9270,0,plane,13.397,52.3535,79.6999,91.4984,97.2589,False
232,9e75560008080a8529348d14ca881f7d,4,plane,21.474,58.056,74.9918,82.1796,86.8074,False
233,aeb10a6725afb1abc79f92df566f8c6b,2,plane,21.7159,60.0994,75.4198,81.3016,84.1568,False
234,97bd6259fd4dd69a90baeef8ba5b93e5,5,plane,9.8593,46.4759,81.5922,96.1479,98.8457,False
235,854c2f430e7aa00f4d210d9468aedaf2,5,plane,16.2902,65.2873,90.7484,97.2779,98.374,False
236,47bf091a7c919d1c90b1d6deb98feec6,5,plane,14.1972,55.8284,83.4825,95.4155,97.9071,False
237,e88e090caa1ccc5d187bd96066d7269e,9,plane,14.994,60.7651,88.552,96.5874,97.9592,False
238,b7eefc4c25dd9e49238581dd5a8af82c,5,plane,9.0462,35.5842,50.4665,62.1259,71.5219,False
239,f144e93fe2a11c1f4c3a35cee92bb95b,1,plane,24.8996,63.4108,80.4291,87.8446,91.1619,False
240,f59470cae839ba0e9b2acbfd8323f804,9,plane,17.6261,59.0165,84.5952,95.8712,97.8549,False
241,6b15289a71312a5af8ea21a9397429b9,8,plane,18.4676,54.705,74.6883,80.024,83.3819,False
242,165c4491d10067b3bd46d022fd7d80aa,5,plane,16.5946,58.2554,82.1029,93.1322,96.6408,False
243,2a06adfb446c85c9f9d3f977c7090b2a,8,plane,16.0312,45.4588,65.6777,76.0648,81.6548,False
244,ade3c4987f49895ff960bc420d751255,6,plane,16.8427,53.7677,76.882,87.9257,93.3653,False
245,feb0bd0dcd155af4cc34b900bb2492e,2,plane,25.8753,47.4994,55.5802,62.3537,68.5076,False
246,220a911e2e303865f64801ad2940cdd5,0,plane,18.123,46.1376,67.4194,76.5333,81.6264,False
247,407135e4c3c7cf2523c853ced7da0343,7,plane,12.4257,32.1391,52.8807,68.6278,73.8065,False
248,6ce399fe42d54815e4406b3bf37e6ffe,6,plane,17.9474,55.3993,75.1234,81.3056,84.8589,False
249,2677c3793143e75766cf1b4a8fc3914e,4,plane,18.3995,56.6425,85.6296,96.7247,98.2706,False
250,bbb8ec10b86465356630654359fc97d0,6,plane,0.0,0.0,0.0,0.0,0.0,True
251,95e589163afd0a7a609e2d916fa0da27,7,plane,16.587,49.918,71.3562,81.7967,85.0575,False
252,ff569b4018fc2640cea77fac5d58428e,9,plane,11.1108,27.8494,40.2594,45.6062,52.5064,False
253,298d674a14dcd356de6e2d41bcaaecbf,8,plane,15.584,59.2378,88.4009,97.3981,98.9899,False
254,b788ca6fc544c0aff3f3e17ace8695b,5,plane,15.1877,49.9579,73.707,87.7744,96.5,False
255,7ecb807e2270606619ba010ddb4974fe,0,plane,15.3786,59.9398,85.8958,96.2117,98.6829,False
256,d6db0815d8fbaad621967ef97204d18,7,plane,15.0207,37.622,45.5327,50.6944,53.7306,False
257,f27927b066b0696d1f95d2b537942ba5,5,plane,18.0994,58.0861,84.5111,95.5527,98.0828,False
258,1b0b1d2cb9f9d5c0575bd26acccafabd,1,plane,13.5529,39.5667,62.9386,80.9939,89.2264,False
259,c1e081e8b97b3fc7ca8607f540cc62ba,0,plane,22.9588,63.279,80.1157,89.2184,92.3377,False
260,f2f6684e930651df3dffb45955223d25,3,plane,17.3995,47.1101,64.9093,72.6926,76.8473,False
261,265f5348ab2320b2148672750a1a335,6,plane,12.8225,52.1093,81.4733,93.8033,97.2933,False
262,816935cac027310d5e9e2656aff7dd5b,5,plane,18.7979,63.8194,84.9509,93.4332,96.177,False
263,ffbc31352a34c3e1ffb94dfdd6ddfaf0,6,plane,13.9936,48.3899,79.8096,91.7831,94.0352,False
264,62fa636e217a3db25a70c4e5328e0b9f,9,plane,16.2503,55.4038,82.997,95.6398,98.5801,False
265,d59d75f52ac9b241ae0d772a1c85134a,6,plane,15.0419,51.1324,74.609,86.05,92.6454,False
266,8c3419a655600e5766cf1b4a8fc3914e,1,plane,13.5188,54.6852,79.9999,90.7643,94.634,False
267,6ecf2dd001e3b029dc53c0dc42fb387b,3,plane,16.5498,56.9348,78.8474,86.5598,89.1569,False
268,1dbcb49dfbfd0844a480511cbe2c4655,8,plane,21.8086,62.1361,81.9052,91.3163,95.0483,False
269,e9dcdcd8963ba18f42bc0eea174f82b,0,plane,20.4469,71.51,92.652,98.2706,98.7854,False
270,a5021faf372fa2c48f329df3701cbb3d,2,plane,12.9279,42.7497,61.6848,67.3706,71.959,False
271,7a57a9b261f60dcb2296d88107d065f6,7,plane,0.1857,0.1857,0.1857,0.8211,3.6812,False
272,5f11d3dd6ccacf92de7a468bfa758b34,7,plane,14.9217,50.8914,72.7678,82.977,87.8855,False
273,b22014408721ec314567cadca15fe337,3,plane,7.1894,26.7795,45.352,56.6528,61.3037,False
274,3e7e119508f0abf935fc197bbabcd5bd,2,plane,15.8774,53.0296,79.0909,89.5589,94.1582,False
275,caa7e70beee4543f42c20743f866e1a6,1,plane,19.4979,52.5653,70.3282,80.8856,84.6846,False
276,17ac3afd54143b797172a40a4ca640fe,5,plane,21.7192,53.9662,69.6238,74.5295,77.9744,False
277,27c409ead0c4e34c9a6e43b878d5b335,1,plane,11.97,41.1067,63.7211,76.5177,83.7305,False
278,80b9b2807547a2d3ab94ae13bc67d41c,4,plane,12.2707,40.8924,60.4978,72.4344,79.9793,False
279,965d457720def9a490b1d6deb98feec6,6,plane,18.327,59.2608,87.0414,94.3476,97.3833,False
280,c6342ca5cf5c445cbd46d022fd7d80aa,4,plane,18.9499,67.2393,89.6128,97.0304,98.6315,False
281,98b5a3a8e2ab94ccce19d55bc5e6a406,0,plane,9.7381,38.4974,77.5149,95.6874,99.2494,False
282,a7394a6f2dcf8e9b3cbb132878a747df,0,plane,2.7356,8.6459,21.1365,43.0645,57.4483,False
283,351e24a503c49840cc0472b5df09bf08,0,plane,13.0969,48.9128,82.7555,96.6408,99.1936,False
284,39fce052e13f97a57a10aa3eec436422,0,plane,13.3813,47.1903,67.9305,82.4039,89.4935,False
285,caab31ecfe961086bc0909d98a1ff2b4,9,plane,9.8909,45.4197,76.6553,84.5696,87.1332,False
286,ad2bebd9c3004b2e151f2df200a24ac,7,plane,17.9644,58.6508,85.7775,96.8702,99.0918,False
287,ce6aef9846db6aa5c1a897657d9a1924,8,plane,15.5228,49.0316,71.3741,82.3208,86.8489,False
288,c207db490c4acde27b5d32a85e1b7987,4,plane,21.5889,53.897,74.5196,84.9611,91.2237,False
289,dbd589812bda0b1ebab624e35355496d,4,plane,16.456,37.3233,54.8444,62.9311,70.8023,False
290,bc86e4461bd4c955a34fb3db6a11a22d,8,plane,14.7866,49.7023,67.4133,74.8656,78.1973,False
291,f009f3112625ee00b8cf782e8c539948,7,plane,12.2429,51.2571,78.9915,95.2974,99.3964,False
292,88fe762bfda775f84c3a35cee92bb95b,2,plane,17.4462,53.7814,83.5472,96.131,98.4256,False
293,839a950d0264cbb89a162c818d22a620,7,plane,12.3498,62.9548,89.544,96.2656,97.8027,False
294,e4ac77fdf28116232fa725d7a62a02a,2,plane,13.1932,54.0396,85.4843,95.6328,98.1151,False
295,fca40e8cba1e5fd75bba9363f40680af,4,plane,10.4246,37.2637,57.521,70.8202,77.7266,False
296,64a0f304fa3c113bc817819d30841d0,1,plane,16.4819,47.4185,72.8668,80.9324,84.8723,False
297,80770c90ba84524e825b20c2472ad90a,8,plane,16.2576,43.0149,59.2943,70.0011,76.0405,False
298,c2be303f5abf0db7b3369733e21bbc63,3,plane,23.971,57.2073,74.6141,81.0232,85.2553,False
299,99e1961a72bb8ac46177b6d1ecbf989,5,plane,4.1205,22.0541,59.3279,85.9884,94.6814,False
300,16715d886ecf0a97ce2cec85ea6ae00d,9,plane,15.5327,48.0466,75.1374,86.0197,90.3509,False
301,e31da3ac74fa3c0c23db3adbb2f1dce,6,plane,13.6403,51.1241,82.8941,96.6875,99.0918,False
302,a26639a06e2ae1ede7d756565593b850,8,plane,14.9914,51.7662,71.8533,78.5671,82.4912,False
303,e8c1e738997275799de8e648621673e1,0,plane,10.2088,28.3163,44.443,57.1154,65.9178,False
304,84a167f743ec4f4de6f558e7f4a68d3,2,plane,19.7186,57.4127,75.8223,79.2999,81.7268,False
305,48d03ffabd0399f4303510f9a56d94fe,2,plane,7.5232,37.4549,70.0108,89.995,97.2358,False
306,47b409c5c80dd7c533de69c9cd670995,6,plane,16.4377,53.133,83.0512,95.6571,98.5801,False
307,9baf5b31d70e0d05e98d814cc4d9c5e3,8,plane,15.2367,62.6118,88.2033,95.6159,97.6982,False
308,bbc645e0c0449532b3c7301213dfb7,2,plane,15.2,56.3,81.5901,91.3165,94.6012,False
309,9f525ad90573de3dccc19f6800e20c43,1,plane,9.2043,42.5898,73.1528,85.6229,88.6414,False
310,9e8ab1862683399f570726399d67ccc3,8,plane,16.2031,48.2709,68.1416,78.763,83.7037,False
311,2f988bec20218fa19a6e43b878d5b335,4,plane,13.3421,39.58,55.236,65.5822,73.4638,False
312,8da05b28d9b2e2fddd01eabba9d45203,2,plane,12.3024,53.5462,85.7653,97.0722,98.2706,False
313,cd9f07bc1e5087b7f33a09c02bab9cc,9,plane,20.8852,54.3769,66.7851,72.235,75.2549,False
314,226e3f0a844a3b4a77fd7318510b8627,3,plane,12.4482,42.8974,77.1461,91.4165,95.728,False
315,952c5b41a44f6f3166cf1b4a8fc3914e,6,plane,13.9802,48.1363,83.8092,96.7283,99.1427,False
316,718b6f112f70146c62b600da24e0965,0,plane,15.8423,51.6244,83.365,94.5704,96.1578,False
317,5abba5b86814b98a9f4ab5ced9b9495,7,plane,20.3469,54.7035,75.9363,86.6507,89.6828,False
318,67eac921334c130c336fa8434b94be14,0,plane,13.6403,39.2197,58.309,70.0955,75.8247,False
319,fb2e4eb19ba19bde5fe6cff21a9e8496,2,plane,9.8636,52.1419,84.2006,97.0219,99.1427,False
320,5335e5be2619bbed8141b488a44e65e2,7,plane,12.6969,58.1912,87.0807,97.1193,98.3223,False
321,e0e0d713c8969b52ca8607f540cc62ba,4,plane,19.3555,59.2613,78.7436,88.1849,92.6463,False
322,a2712db5540766cdf6a602e459585636,6,plane,15.7498,45.8573,70.5266,85.8546,91.0933,False
323,b7b8ffe2f07e4eff95dfd5eb5f06d19,1,plane,17.8162,60.2466,84.2667,97.0407,99.447,False
324,1203825bf97bc3524722e1824a086fad,9,plane,13.3273,38.1645,56.1287,66.2206,72.7467,False
325,3e0561d70c7fd4f51c6e4e20f2b76086,8,plane,15.2727,35.6087,48.5583,54.0146,60.3352,False
326,5f7f0545eba4034965e692ae5160ef,1,plane,16.9524,53.4462,76.4967,90.642,96.7977,False
327,7e8be9c88e596b84198609c994ea801,0,plane,22.1604,56.6227,69.9328,76.8339,81.9418,False
328,2d3ecfb6d7ef2c45e08b03c50fd87acb,8,plane,19.2953,55.6152,73.6681,78.9346,82.6979,False
329,9e4c0840aeacbf10f119374ee5d5f944,7,plane,18.2389,53.664,83.8568,96.2801,97.9071,False
330,b0fb094d1f0fc2a6766c6046535346e7,9,plane,15.5974,55.4009,82.1,92.1087,95.925,False
331,e761cf88524cf8f24c3a35cee92bb95b,5,plane,8.543,39.7306,74.6988,93.2467,98.795,False
332,e93a2143cbec37a173fac4529123dfb2,3,plane,16.6961,55.1438,78.3004,90.2109,95.106,False
333,1659db64bbf46bcdc1955ee4b5680e91,8,plane,9.3479,44.4499,72.3953,89.7394,96.7252,False
334,3aa2ba8ca2aede556d96f75c7a1666e5,3,plane,8.1278,29.9737,62.6974,85.5403,95.4309,False
335,d7a2512d9d8ad4c8a18e0889038e4fb6,2,plane,18.8479,64.301,83.3205,91.037,94.7773,False
336,cd9062c0065ee3a4727e0d1e650e3b69,0,plane,11.3509,36.4254,53.1878,65.7312,72.2595,False
337,551e8582c195944af1b991541832fbf8,3,plane,9.4629,24.2863,38.7902,50.1671,59.3001,False
338,593dbc303a7afed7f44f89e40af48618,1,plane,13.0725,55.1336,85.4391,96.2938,98.2706,False
339,cb145792217196e27d64cad20089f027,2,plane,28.1755,65.403,77.3723,81.2352,83.2458,False
340,422700fbef58a0ee1fd12d3807585791,6,plane,11.2123,38.8028,61.2212,71.5626,76.1845,False
341,a1d2c8b24476c8ee70d98a97e17b4da3,9,plane,20.9499,66.0806,86.9107,96.4873,97.8027,False
342,213cdfff847f32135ae839ffe09b9d31,1,plane,24.2074,60.789,75.6653,83.0373,87.4432,False
343,381111f176565d48fe4c91be246ef13b,3,plane,16.8463,53.9991,76.7922,92.9099,96.9133,False
344,688f4e273beef132f0daafcf2996daaa,6,plane,12.6792,54.0798,85.8256,95.2782,98.2706,False
345,d130dd0c96152140bc0909d98a1ff2b4,4,plane,17.9728,57.0639,76.1138,81.8056,85.3211,False
346,49e21b81565a51e6493c5f51f14398c7,8,plane,21.7701,50.0596,69.6458,78.747,81.376,False
347,2229bc4e646f506679f56e78e8640bfb,5,plane,15.1467,45.4588,68.4826,83.0042,89.6463,False
348,aeaa3ef74dc4c60c95175320d65fc89b,5,plane,18.7867,63.1429,87.2434,95.4181,97.1722,False
349,fd528602cbde6f11bbf3143b1cb6076a,6,plane,10.7679,49.3451,79.4617,94.5872,98.4,False
350,7bc46908d079551eed02ab0379740cae,5,plane,17.3326,49.8928,72.3801,82.4373,89.9527,False
351,8d84a34d5aac3bffc6f6da58b133bae0,9,plane,25.5902,69.9429,90.8786,96.3336,97.2779,False
352,97e58a98eeee184565d73e2944dbef1d,4,plane,9.383,41.6992,73.7022,91.3035,97.5026,False
353,cccf4d96e0e3d728c93b40751084c22,1,plane,12.8721,49.592,77.0204,92.2158,96.7476,False
354,b2509e9f52a19466c1006ed55bc1a3fc,3,plane,16.8,53.3914,73.9742,82.9144,86.6366,False
355,71fe2583bff79bf1c66589cdaf418925,2,plane,13.6352,40.3478,58.9031,74.4245,83.7466,False
356,d441a12b217c26bc0d5f9d32d37453c,0,plane,11.2479,48.1583,70.3744,81.2939,86.7963,False
357,5b86cf0b988987c9fca1f1143bb6bc17,2,plane,11.2566,50.5043,80.95,94.7424,98.0705,False
358,96ed9dcc355f3d34585be1dcf6e59170,3,plane,22.6976,51.3078,63.1377,68.9384,73.817,False
359,790e9d3a9e037d3efa86938af3fa9595,1,plane,14.5485,41.8939,61.3872,72.3995,79.4873,False
360,26e26e21438ed02990b1d6deb98feec6,3,plane,14.3737,59.849,85.5981,96.7949,99.4975,False
361,a312cb2c9bb4665bd44389c0c0e68465,9,plane,12.6213,43.1654,61.6499,70.4321,75.1537,False
362,ba662ec78231c493252b4f9439ef95a6,8,plane,14.8013,56.4018,85.0934,95.5614,97.5934,False
363,1c2e9dedbcf511e616a077c4c0fc1181,2,plane,14.4993,50.3573,74.8219,88.2736,93.9545,False
364,a231f85d38f2b52154eefcdc602d4520,0,plane,13.2729,50.4998,80.2265,95.6328,97.8549,False
365,6dead775080763b94c3a35cee92bb95b,4,plane,13.564,52.2969,79.1475,90.3947,93.0732,False
366,1bba3fb413b93890947bbeb9022263b8,1,plane,19.6499,68.1637,91.4817,97.1722,98.3223,False
367,420eb46efaa81427b60ce16063f0788e,0,plane,13.5934,51.4429,83.5828,96.3851,99.0918,False
368,457c12e05d0f5d15762c3bd1a2b3f377,7,plane,19.2151,51.8665,66.0,73.9761,77.8253,False
369,aaefbfb4765df684cf9f662004cc77d8,5,plane,15.7514,55.4297,75.2956,83.6858,90.5117,False
370,ae857883c77d156b71d03b466c72ce41,1,plane,12.7471,43.0459,74.1088,87.595,91.3043,False
371,3fe365251b54087af0478431b5ad57db,4,plane,19.0924,54.2868,67.9157,77.2542,83.3412,False
372,3ee352a759364cdfbd46d022fd7d80aa,1,plane,13.1498,52.6846,85.5411,96.3266,97.5934,False
373,910bd9a7d9ac4738d5c4dc314e25b351,0,plane,17.4462,56.053,77.6199,83.7885,87.0695,False
374,2af04ef09d49221b85e5214b0d6a7,5,plane,14.894,39.2491,60.4527,72.331,79.1333,False
375,a73231f3d0342db94e8b48a4c01e36f8,3,plane,24.0083,57.4208,74.5126,82.8629,88.0892,False
376,7ea57db538494a2fc1ccec171a275967,6,plane,14.4401,38.2097,50.8148,58.9563,65.501,False
377,e037cb87e6cdcd76df39601c41fbe0ba,3,plane,11.4009,37.4549,57.4859,73.549,81.4602,False
378,c1d8614b0e5e3f3bf5a498db2fc1d347,0,plane,13.4933,58.7667,89.8885,97.8549,99.0409,False
379,cc6041868bf2913312b981fe5abe4a07,0,plane,17.9432,48.6227,75.0467,82.5161,86.5868,False
380,47d677bf1dec3dca82cea33798fcd6b6,2,plane,18.3951,62.3224,89.6435,96.9603,98.2706,False
381,dca7f88e151f196b8179909e06795c03,7,plane,18.3049,54.7998,80.2892,87.8878,90.2471,False
382,1b7ac690067010e26b7bd17e458d0dcb,0,plane,16.7976,57.3303,88.4915,97.4885,98.7342,False
383,bb244dba6323f80a126bd036879e7101,8,plane,21.1158,60.5085,77.6145,84.5574,86.3636,False
384,3d6b9ea0f212e93f26360e1e29a956c7,6,plane,16.9381,60.1932,87.9058,97.5548,98.9389,False
385,d004d0e86ea3d77a65a6ed5c458f6a32,1,plane,10.344,47.5561,81.9395,94.8688,98.7342,False
386,4788f4d5afd92e151df8f3faa46a0206,9,plane,13.3396,51.0123,80.0719,96.0734,98.5854,False
387,d39075b8eb890a898deb28944f3f72ef,7,plane,18.1978,64.3952,89.8205,97.8187,99.6991,False
388,40192d0e50b4d2c1f27a705edb2f9ba6,5,plane,15.7994,52.6612,74.8301,85.3076,88.7653,False
389,bff6cee515cdefa8a5effc03faf54012,5,plane,15.3735,53.0743,69.1113,74.596,77.8587,False
390,299ec43108d7109113ae47e860a2333a,9,plane,18.3864,50.6903,78.0245,88.0727,93.1429,False
391,3572e3fa25911295922e63c830b776de,7,plane,14.8691,57.2496,86.6015,97.6549,99.2951,False
392,399449fd9e6149de62b600da24e0965,9,plane,15.4684,53.5,79.2169,94.6643,98.5801,False
393,ce1d767436d9b289e8ac6b4e1f12f978,5,plane,15.0711,56.7225,87.1503,96.0533,98.6315,False
394,d16405b7a4300014ef5bed0139d3780c,3,plane,19.7956,54.2648,73.3936,81.7696,85.3211,False
395,6c8b2544144c38d99e8d5aab043eeb56,5,plane,15.4485,57.4374,86.8014,97.1722,98.8878,False
396,3998242c3442e04265e04abc9923b374,0,plane,14.9573,58.7479,86.166,96.983,98.8366,False
397,a82400edb160c18fc8727b27ee96a4b7,1,plane,5.0824,31.0678,74.9179,94.2137,97.4313,False
398,a2de53a5de7ea01dd01b5600c06c528d,6,plane,9.3176,49.4354,83.8037,96.2402,98.1771,False
399,f7739764eb1c78a053f370d353cea84,0,plane,21.571,58.1499,74.9897,80.3124,83.4104,False
400,8f40518bd30467151e5ae32cb9e3711f,4,plane,21.8543,61.8444,81.3535,89.3616,91.6576,False
401,5294c39d2a57bd7e5cad6226edb8e82,7,plane,14.1993,44.2277,68.9825,81.8373,85.3211,False
402,2421f54274a5c237e8cef78f8179925b,7,plane,11.4545,40.2742,60.1023,70.8074,76.865,False
403,67dbb0de722cf5cd7a734abc5ba1db0f,3,plane,0.9462,2.1322,3.2982,9.5234,17.8506,False
404,cf17d0ce34f09f572722fc1bdd7e0e51,1,plane,12.7482,39.0319,56.7529,67.1103,74.4583,False
